male.id, female.id, start.time, end.time, proximity
28, 116, 3.897e-05, 0.109257, 2
45, 140, 0.00021228, 0.267274, 2
35, 101, 0.00021287, 0.441073, 1
49, 126, 0.00024145, 1.38758, 0
20, 109, 0.0002451, 2.0965, 1
23, 108, 0.00031057, 2.53499, 1
39, 144, 0.00047808, 2.12562, 0
6, 111, 0.0007261, 7.42651, 0
37, 139, 0.0008968, 2.4789, 0
48, 112, 0.00101472, 0.0347626, 1
29, 138, 0.00106999, 0.384281, 1
44, 134, 0.00109523, 3.15405, 0
3, 119, 0.00114021, 2.73663, 3
6, 107, 0.00118368, 1.04478, 3
18, 148, 0.00151925, 0.145452, 0
33, 143, 0.00177234, 0.89357, 0
17, 140, 0.0017873, 0.0726228, 1
20, 121, 0.00220311, 3.7268, 0
33, 150, 0.00263318, 1.93137, 0
25, 102, 0.002877, 1.49352, 0
38, 111, 0.00316622, 0.973866, 0
1, 137, 0.00325515, 1.11796, 2
17, 133, 0.00502877, 0.55222, 1
27, 109, 0.00872843, 0.593921, 3
12, 146, 0.0090551, 0.278303, 1
11, 134, 0.0103871, 1.77734, 0
48, 132, 0.0112491, 2.13834, 2
15, 112, 0.0122673, 0.804455, 0
14, 131, 0.0127351, 0.451357, 0
42, 144, 0.0139905, 0.84869, 1
29, 123, 0.0141014, 0.469239, 1
22, 147, 0.0141133, 0.0153009, 2
18, 145, 0.0162868, 6.60488, 0
22, 137, 0.0170712, 0.655956, 2
2, 116, 0.0177588, 0.5069, 0
49, 115, 0.0190508, 1.46313, 0
45, 138, 0.0207043, 0.0861738, 0
23, 147, 0.0208863, 0.401297, 2
37, 145, 0.0222029, 0.754629, 0
1, 114, 0.0246554, 0.961957, 0
2, 150, 0.0314541, 1.23958, 0
14, 120, 0.0347494, 0.0967599, 2
37, 124, 0.0371252, 2.72657, 0
15, 102, 0.0396829, 0.804455, 0
3, 133, 0.0419881, 1.12999, 3
2, 114, 0.0446351, 0.62649, 0
28, 146, 0.0449161, 0.397273, 2
11, 130, 0.0455201, 0.105599, 2
38, 142, 0.0457225, 4.94289, 0
42, 121, 0.0587208, 0.429417, 0
48, 139, 0.0715399, 1.21369, 2
17, 119, 0.0787872, 0.144111, 1
37, 132, 0.125214, 0.657624, 0
45, 130, 0.125524, 0.178689, 2
44, 107, 0.128399, 0.679031, 2
27, 116, 0.128659, 0.275904, 3
3, 123, 0.142553, 0.409762, 1
38, 147, 0.145454, 0.617624, 3
33, 108, 0.148538, 0.332228, 0
39, 119, 0.150499, 0.732719, 0
25, 112, 0.162457, 0.620918, 0
20, 111, 0.166503, 0.292798, 0
35, 136, 0.167988, 1.18326, 2
12, 130, 0.183709, 1.9437, 1
28, 140, 0.19343, 0.271006, 2
18, 120, 0.200655, 2.16473, 0
14, 143, 0.218688, 0.5269, 2
15, 148, 0.250287, 0.36468, 0
23, 115, 0.269317, 0.54396, 0
45, 140, 0.282009, 1.21391, 2
11, 130, 0.286033, 0.532073, 2
49, 142, 0.308343, 0.343727, 0
12, 134, 0.31267, 0.747038, 0
17, 123, 0.335293, 0.796716, 0
28, 138, 0.343256, 0.425433, 0
45, 119, 0.375769, 0.455485, 2
29, 138, 0.403597, 0.450487, 1
28, 146, 0.40911, 1.34761, 2
42, 131, 0.43139, 3.0128, 0
11, 108, 0.443406, 0.475869, 1
35, 131, 0.45342, 1.19805, 0
39, 138, 0.457851, 2.9661, 0
45, 138, 0.48056, 0.528851, 0
29, 146, 0.491555, 0.880949, 3
35, 107, 0.513157, 0.516995, 2
35, 142, 0.518541, 0.629062, 0
2, 116, 0.531634, 0.545258, 0
14, 143, 0.538109, 0.861487, 2
45, 116, 0.552218, 0.634552, 2
15, 136, 0.563997, 0.804455, 1
23, 147, 0.574029, 0.61694, 2
11, 138, 0.583118, 0.878752, 0
27, 116, 0.617883, 0.773426, 3
22, 146, 0.621031, 1.00064, 2
28, 123, 0.621589, 1.23342, 0
23, 147, 0.622709, 1.01301, 2
42, 109, 0.622824, 1.11877, 2
45, 108, 0.635174, 0.95343, 1
14, 111, 0.650951, 0.698405, 0
20, 116, 0.661955, 0.684757, 1
6, 108, 0.673666, 0.819627, 2
28, 140, 0.678657, 0.73949, 2
2, 137, 0.681657, 0.709766, 0
29, 133, 0.690235, 0.841008, 3
18, 101, 0.703457, 1.21063, 0
14, 107, 0.719274, 1.08184, 3
22, 116, 0.723869, 0.773426, 2
44, 116, 0.728259, 0.773426, 2
2, 137, 0.737573, 1.38454, 0
35, 121, 0.748513, 1.30703, 0
27, 126, 0.755746, 0.999452, 2
25, 124, 0.759042, 1.44094, 0
33, 147, 0.774838, 0.786586, 1
33, 142, 0.789151, 0.92525, 0
17, 119, 0.800884, 1.37142, 1
12, 137, 0.807198, 0.868723, 1
44, 147, 0.81535, 0.817166, 2
27, 147, 0.839732, 0.95418, 3
2, 140, 0.842368, 1.2502, 0
1, 130, 0.857948, 1.0059, 2
22, 144, 0.859549, 0.917848, 1
17, 123, 0.868352, 2.20488, 0
44, 114, 0.872392, 0.940467, 0
6, 150, 0.876216, 0.923991, 0
25, 148, 0.897699, 1.54736, 0
14, 143, 0.898086, 1.53655, 2
42, 120, 0.905342, 1.02155, 1
22, 144, 0.931429, 2.09062, 1
29, 123, 0.946666, 1.27843, 1
12, 137, 0.958956, 0.996451, 1
49, 107, 0.959241, 1.01021, 1
27, 147, 0.963883, 1.55184, 3
29, 114, 0.977954, 1.60853, 1
14, 102, 0.997522, 1.21432, 2
38, 143, 1.00495, 1.14816, 2
22, 130, 1.03869, 1.06071, 2
23, 142, 1.04053, 1.9922, 0
12, 114, 1.04219, 1.19075, 0
45, 134, 1.04878, 1.46931, 0
1, 130, 1.08608, 1.10015, 2
33, 107, 1.08707, 1.85318, 1
11, 138, 1.09309, 1.67468, 0
39, 137, 1.11814, 1.55377, 0
42, 120, 1.1329, 2.16473, 1
22, 130, 1.13566, 1.65455, 2
1, 133, 1.15064, 1.92754, 2
6, 133, 1.15529, 1.92469, 3
44, 146, 1.16771, 1.50988, 2
38, 143, 1.18477, 1.19737, 2
35, 109, 1.1943, 1.69795, 2
37, 136, 1.21761, 2.43305, 0
20, 131, 1.21777, 2.21521, 0
27, 111, 1.22709, 1.77066, 0
6, 147, 1.23165, 1.45436, 3
45, 108, 1.24939, 1.59053, 1
2, 140, 1.25503, 4.70619, 0
28, 123, 1.2557, 2.16989, 0
14, 126, 1.2763, 1.3585, 2
38, 150, 1.2846, 3.12536, 0
23, 107, 1.31756, 2.01745, 2
49, 121, 1.3232, 2.42044, 0
45, 130, 1.32837, 1.34234, 2
28, 140, 1.36326, 1.75895, 2
35, 143, 1.37539, 1.67641, 1
29, 146, 1.38242, 1.40187, 3
17, 119, 1.3889, 2.4804, 1
48, 112, 1.39367, 1.71311, 1
14, 126, 1.43066, 1.43623, 2
45, 138, 1.459, 2.04474, 0
29, 146, 1.46607, 1.71365, 3
45, 144, 1.47065, 1.50615, 1
3, 137, 1.4731, 1.82151, 3
12, 123, 1.47941, 2.48743, 0
49, 115, 1.48947, 3.39366, 0
18, 126, 1.49249, 1.67691, 0
2, 133, 1.55523, 1.90899, 0
7, 114, 1.55587, 2.49238, 1
14, 101, 1.5628, 1.89266, 2
25, 148, 1.57156, 2.06132, 0
22, 147, 1.57398, 1.58636, 2
25, 101, 1.58597, 1.7656, 0
45, 147, 1.60459, 1.67072, 2
44, 147, 1.60629, 1.74037, 2
11, 130, 1.64941, 1.70105, 2
12, 146, 1.65873, 1.70094, 1
29, 114, 1.66906, 2.42206, 1
35, 126, 1.69598, 2.34114, 1
14, 143, 1.70053, 2.03948, 2
22, 147, 1.70192, 2.18333, 2
48, 148, 1.71409, 1.87014, 2
44, 138, 1.72212, 2.44932, 0
1, 146, 1.73504, 2.20635, 2
45, 130, 1.73881, 2.17692, 2
14, 144, 1.74689, 1.8316, 2
29, 140, 1.76626, 1.88334, 3
25, 112, 1.77239, 5.34285, 0
27, 111, 1.77631, 2.15375, 0
11, 146, 1.78073, 2.48918, 2
11, 114, 1.80955, 2.10756, 0
27, 108, 1.81689, 1.97673, 2
6, 137, 1.82287, 3.07556, 3
11, 137, 1.82705, 2.8839, 2
3, 104, 1.83347, 3.88253, 2
33, 143, 1.88386, 2.2871, 0
35, 107, 1.89186, 2.19984, 2
14, 147, 1.8945, 2.46282, 3
1, 104, 1.93616, 2.83632, 1
28, 146, 1.94012, 2.19307, 2
42, 150, 1.95174, 2.90326, 0
3, 133, 1.95659, 2.4842, 3
49, 126, 1.96709, 2.02701, 0
25, 136, 1.97283, 2.40872, 1
2, 119, 1.97499, 3.46109, 0
35, 120, 2.025, 2.07774, 1
7, 137, 2.03135, 2.17375, 3
45, 108, 2.04589, 2.7232, 1
27, 121, 2.05384, 2.4761, 0
6, 107, 2.07598, 2.08408, 3
39, 150, 2.09329, 2.51764, 0
23, 109, 2.09733, 2.21036, 2
17, 134, 2.11502, 2.34652, 0
14, 144, 2.14104, 3.5774, 2
25, 132, 2.15088, 3.33841, 0
48, 139, 2.16005, 2.57432, 2
22, 144, 2.16392, 2.18405, 1
12, 130, 2.18336, 3.76722, 1
22, 107, 2.20556, 5.10536, 2
23, 107, 2.21238, 2.70915, 2
22, 126, 2.21634, 2.72285, 1
28, 130, 2.21691, 2.21907, 2
28, 123, 2.21914, 7.50716, 0
42, 147, 2.22814, 2.75639, 2
38, 109, 2.23828, 2.29868, 3
28, 133, 2.24116, 2.68432, 2
35, 101, 2.24124, 2.57756, 1
6, 143, 2.24582, 2.5847, 2
11, 133, 2.25215, 2.38587, 2
48, 148, 2.25365, 3.1369, 2
7, 140, 2.28576, 2.41638, 3
33, 131, 2.29429, 4.51898, 0
20, 109, 2.3388, 2.45305, 1
35, 143, 2.35415, 2.37618, 1
29, 134, 2.35767, 3.80886, 0
49, 142, 2.3624, 2.48796, 0
33, 146, 2.36256, 2.55553, 1
45, 144, 2.39541, 2.49487, 1
35, 131, 2.41176, 2.75974, 0
18, 148, 2.42202, 3.29559, 0
17, 107, 2.45363, 2.60183, 1
20, 109, 2.4655, 2.77258, 1
29, 138, 2.47477, 2.84452, 1
49, 109, 2.47912, 2.53201, 1
27, 130, 2.48217, 2.79197, 3
38, 119, 2.48392, 2.55733, 3
29, 114, 2.4865, 2.94789, 1
27, 147, 2.50127, 2.95691, 3
20, 143, 2.50582, 2.58589, 0
17, 123, 2.50648, 4.40525, 0
1, 146, 2.50661, 3.74283, 2
3, 140, 2.51391, 2.64377, 3
44, 133, 2.53126, 4.43472, 2
2, 114, 2.54903, 2.75609, 0
44, 144, 2.56799, 2.78845, 1
49, 121, 2.57034, 3.80443, 0
12, 138, 2.58341, 2.8949, 0
14, 108, 2.58389, 2.7677, 2
14, 147, 2.5956, 2.63207, 3
37, 136, 2.60621, 4.53614, 0
48, 139, 2.6111, 2.75422, 2
48, 132, 2.61731, 2.73757, 2
23, 143, 2.62652, 3.81639, 1
48, 136, 2.62892, 2.69804, 3
7, 140, 2.6491, 3.57753, 3
45, 119, 2.65993, 2.80513, 2
18, 126, 2.72592, 3.6008, 0
22, 111, 2.72858, 3.41002, 0
33, 142, 2.7303, 2.79494, 0
44, 107, 2.7313, 3.02143, 2
39, 143, 2.73212, 2.78561, 0
37, 124, 2.74575, 2.97661, 0
35, 144, 2.76225, 2.9113, 1
22, 108, 2.76471, 3.11021, 1
35, 115, 2.76659, 3.74318, 0
11, 133, 2.76718, 2.84668, 2
20, 109, 2.77893, 4.09702, 1
14, 143, 2.78706, 3.26223, 2
13, 123, 2.79073, 3.64982, 0
13, 146, 2.80025, 3.22695, 1
45, 119, 2.8289, 3.4998, 2
23, 109, 2.84455, 3.33055, 2
7, 104, 2.85737, 3.17409, 2
23, 101, 2.86022, 3.29503, 1
33, 107, 2.86084, 2.91534, 1
48, 139, 2.86811, 4.15999, 2
39, 137, 2.86945, 4.51148, 0
3, 114, 2.87455, 2.98374, 1
25, 148, 2.87913, 2.99756, 0
33, 114, 2.88062, 3.13803, 0
11, 133, 2.88249, 2.90525, 2
38, 111, 2.88283, 3.19221, 0
35, 126, 2.89061, 3.4441, 1
27, 130, 2.90067, 3.25469, 3
45, 108, 2.90829, 4.78918, 1
35, 147, 2.95799, 3.53008, 2
11, 144, 2.96064, 6.21027, 1
11, 133, 2.97036, 2.9864, 2
17, 138, 2.97825, 4.72654, 0
39, 147, 2.98106, 8.1709, 0
3, 114, 2.98438, 3.22065, 1
1, 138, 2.99895, 4.89442, 0
11, 150, 3.01637, 4.89316, 0
42, 131, 3.01671, 12.0531, 0
29, 104, 3.0174, 3.05056, 2
25, 136, 3.07712, 3.47049, 1
27, 114, 3.07738, 3.1103, 1
6, 107, 3.08296, 3.32547, 3
37, 124, 3.09256, 3.32789, 0
45, 103, 3.09279, 3.82565, 1
2, 137, 3.12177, 3.88094, 0
27, 121, 3.1505, 3.83023, 0
39, 114, 3.16111, 3.70982, 0
48, 112, 3.19206, 3.61524, 1
43, 104, 3.21835, 3.81524, 0
12, 133, 3.23285, 3.2335, 1
3, 103, 3.2388, 3.57399, 2
8, 133, 3.24936, 4.66216, 2
27, 107, 3.26241, 3.35045, 3
6, 150, 3.28007, 4.03511, 0
7, 134, 3.28381, 3.92433, 0
20, 143, 3.29931, 4.23878, 0
11, 146, 3.31635, 3.33585, 2
14, 142, 3.33328, 4.04228, 0
28, 146, 3.33738, 3.82079, 2
23, 101, 3.35637, 3.40645, 1
38, 107, 3.3582, 4.14197, 3
37, 132, 3.36513, 4.42693, 0
48, 145, 3.38241, 3.60336, 1
49, 101, 3.38338, 4.34612, 0
27, 114, 3.38643, 3.88924, 1
12, 103, 3.38647, 3.7303, 0
42, 108, 3.40032, 3.40058, 1
33, 108, 3.41648, 6.65267, 0
35, 142, 3.44688, 3.46062, 0
22, 109, 3.45922, 3.62651, 2
27, 109, 3.49965, 3.73998, 3
8, 130, 3.50371, 3.78571, 2
23, 138, 3.5129, 4.04541, 0
44, 119, 3.53659, 6.32092, 2
37, 139, 3.54629, 3.98459, 0
35, 148, 3.54728, 3.67159, 1
14, 109, 3.56412, 3.56973, 3
42, 126, 3.56469, 4.04243, 1
1, 140, 3.58159, 3.59442, 2
25, 136, 3.58266, 3.98304, 1
14, 111, 3.61209, 4.46388, 0
48, 124, 3.61766, 3.85371, 0
13, 104, 3.61858, 3.9451, 0
22, 144, 3.63703, 4.55203, 1
18, 101, 3.64431, 5.59363, 0
3, 130, 3.6698, 3.99671, 3
23, 107, 3.69627, 3.72257, 2
7, 114, 3.71119, 3.89115, 1
14, 126, 3.73418, 3.82493, 2
35, 101, 3.75547, 4.20553, 1
29, 133, 3.76413, 3.94573, 3
48, 145, 3.77573, 3.8319, 1
37, 148, 3.77915, 5.89073, 0
14, 131, 3.7807, 4.04117, 0
35, 126, 3.78907, 3.8168, 1
13, 114, 3.79205, 4.22068, 0
1, 140, 3.81699, 3.97679, 2
12, 119, 3.82344, 7.13549, 1
28, 146, 3.82398, 5.90818, 2
35, 147, 3.83891, 3.95176, 2
23, 115, 3.84576, 5.9121, 0
8, 103, 3.86556, 4.59632, 1
3, 114, 3.89652, 4.31587, 1
35, 143, 3.90486, 4.27619, 1
29, 137, 3.92172, 4.43871, 3
7, 134, 3.92458, 5.10203, 0
17, 134, 3.9296, 4.31991, 0
27, 121, 3.93334, 12.013, 0
2, 147, 3.94869, 4.05065, 0
43, 140, 3.95727, 4.55696, 0
13, 146, 3.95947, 5.10093, 1
27, 130, 3.96357, 4.13823, 3
27, 109, 3.96581, 4.44852, 3
2, 104, 3.97047, 6.14529, 0
42, 126, 4.04803, 5.01371, 1
44, 147, 4.05211, 4.15865, 2
11, 104, 4.05633, 4.31844, 1
6, 146, 4.06139, 4.31841, 3
14, 150, 4.08638, 5.25554, 0
12, 138, 4.0866, 4.45403, 0
20, 111, 4.09751, 5.35806, 0
48, 132, 4.09779, 4.48967, 2
13, 103, 4.10852, 4.13179, 0
23, 121, 4.11342, 4.1817, 0
42, 150, 4.14256, 4.43132, 0
29, 130, 4.16641, 8.03416, 3
3, 130, 4.1845, 4.69609, 3
45, 103, 4.18608, 5.19243, 1
23, 121, 4.18893, 5.59274, 0
48, 124, 4.19842, 5.25923, 0
25, 139, 4.20469, 5.34285, 0
38, 126, 4.23423, 4.29556, 2
2, 143, 4.27315, 5.44514, 0
35, 147, 4.27723, 4.42092, 2
20, 109, 4.2795, 5.25691, 1
20, 115, 4.28972, 4.43646, 0
42, 108, 4.29849, 4.51503, 1
14, 126, 4.3305, 4.80104, 2
11, 114, 4.34384, 5.22105, 0
1, 104, 4.37817, 4.46436, 1
13, 134, 4.40112, 4.53187, 0
3, 134, 4.40765, 4.85796, 0
49, 143, 4.41839, 8.67301, 0
18, 148, 4.45378, 4.4704, 0
44, 103, 4.47557, 4.69154, 1
49, 142, 4.48256, 6.44865, 0
1, 137, 4.4837, 4.74319, 2
7, 114, 4.4849, 4.94576, 1
37, 132, 4.4938, 6.24528, 0
35, 147, 4.49578, 4.81577, 2
39, 109, 4.51847, 5.80127, 0
33, 131, 4.52746, 7.68078, 0
27, 107, 4.54075, 5.5829, 3
37, 124, 4.54662, 4.57697, 0
22, 123, 4.55243, 4.74637, 0
20, 143, 4.61211, 5.17078, 0
43, 137, 4.61511, 4.7581, 0
17, 144, 4.6186, 6.94231, 0
35, 115, 4.62841, 5.34029, 0
29, 104, 4.65736, 4.75887, 2
48, 139, 4.66255, 4.76557, 2
13, 140, 4.66716, 5.66677, 1
12, 133, 4.67154, 6.00729, 1
8, 110, 4.72205, 14.1219, 0
44, 140, 4.72636, 5.47713, 2
6, 108, 4.72942, 4.80916, 2
43, 110, 4.73398, 4.87369, 0
22, 137, 4.7672, 4.85644, 2
39, 133, 4.7816, 5.3724, 0
3, 114, 4.79707, 5.12919, 1
12, 140, 4.79961, 4.80249, 1
3, 130, 4.8144, 4.86772, 3
29, 134, 4.81723, 4.9835, 0
1, 103, 4.82099, 4.88188, 1
17, 138, 4.83869, 6.21783, 0
45, 137, 4.84223, 5.58585, 2
48, 132, 4.88054, 5.53025, 2
1, 137, 4.89443, 5.13049, 2
8, 103, 4.90093, 5.0104, 1
43, 110, 4.90503, 8.34334, 0
38, 150, 4.90706, 6.90658, 0
45, 130, 4.92291, 5.14136, 2
35, 126, 4.92435, 6.15376, 1
22, 108, 4.93755, 5.38509, 1
6, 147, 4.94764, 5.72416, 3
42, 138, 4.94961, 6.43363, 0
3, 123, 4.97517, 5.09042, 1
43, 133, 4.97895, 5.12863, 0
28, 114, 5.01535, 5.17965, 0
8, 119, 5.05831, 5.42988, 2
7, 103, 5.09086, 5.74843, 2
13, 134, 5.10692, 5.27738, 0
1, 114, 5.13186, 5.1463, 0
43, 104, 5.13313, 6.37267, 0
1, 123, 5.13975, 6.37162, 0
3, 107, 5.1519, 6.47336, 3
22, 144, 5.15464, 5.26988, 1
17, 137, 5.16146, 5.21818, 1
3, 146, 5.17999, 5.80089, 3
14, 109, 5.18466, 5.2656, 3
7, 133, 5.18797, 5.23554, 3
38, 111, 5.19806, 6.27319, 0
25, 124, 5.19859, 5.24102, 0
1, 146, 5.20458, 5.33462, 2
25, 136, 5.22843, 5.33974, 1
7, 114, 5.24302, 6.63507, 1
1, 140, 5.24939, 5.26839, 2
45, 134, 5.2569, 5.42809, 0
37, 124, 5.26959, 5.88783, 0
20, 109, 5.27454, 6.07068, 1
48, 139, 5.3034, 5.30598, 2
14, 137, 5.30512, 6.61315, 3
14, 142, 5.30742, 7.94859, 0
11, 103, 5.34094, 6.59986, 1
48, 101, 5.34774, 5.56263, 2
1, 130, 5.34888, 5.45636, 2
44, 150, 5.35204, 5.53293, 0
48, 124, 5.35269, 5.35344, 0
17, 104, 5.35605, 5.45279, 0
22, 111, 5.38781, 8.39073, 0
43, 103, 5.41195, 5.68391, 0
22, 138, 5.43125, 6.98294, 0
11, 140, 5.44121, 5.50345, 2
6, 134, 5.44795, 6.69152, 0
29, 133, 5.46224, 5.46481, 3
2, 114, 5.47265, 5.90308, 0
13, 133, 5.4782, 5.53728, 1
20, 148, 5.48729, 6.41809, 0
22, 144, 5.51117, 5.62789, 1
48, 139, 5.53041, 8.44724, 2
13, 110, 5.54238, 8.55911, 0
17, 119, 5.54808, 5.57112, 1
37, 136, 5.55085, 6.08458, 0
38, 143, 5.55808, 5.75876, 2
45, 134, 5.55891, 5.80196, 0
1, 133, 5.57411, 5.73544, 2
13, 134, 5.58555, 5.81649, 0
44, 107, 5.58583, 6.55914, 2
35, 143, 5.60264, 5.60653, 1
3, 119, 5.60431, 5.91054, 3
49, 126, 5.60953, 6.35271, 0
39, 137, 5.62777, 6.73234, 0
29, 123, 5.62938, 5.71032, 1
48, 101, 5.65356, 7.18599, 2
18, 150, 5.66181, 7.63457, 0
23, 147, 5.68091, 5.755, 2
35, 108, 5.70415, 7.63743, 1
13, 130, 5.72675, 6.14028, 1
11, 140, 5.73339, 6.00573, 2
38, 143, 5.78059, 5.95526, 2
7, 140, 5.78214, 6.39841, 3
45, 103, 5.78648, 6.10151, 1
12, 137, 5.8116, 6.03873, 1
29, 104, 5.81968, 5.86141, 2
23, 147, 5.82551, 7.10935, 2
45, 146, 5.85116, 5.85616, 2
14, 109, 5.86725, 5.88389, 3
17, 133, 5.87882, 6.30822, 1
8, 140, 5.89401, 5.98091, 2
18, 124, 5.89861, 5.97012, 0
2, 146, 5.91008, 5.99342, 0
1, 146, 5.96, 6.60356, 2
48, 112, 5.96241, 6.48706, 1
37, 145, 6.00032, 6.29059, 0
23, 143, 6.0121, 6.22698, 1
45, 130, 6.01852, 6.37059, 2
17, 114, 6.03969, 7.5455, 0
7, 146, 6.05192, 6.20954, 3
11, 150, 6.07844, 6.15618, 0
29, 133, 6.08215, 6.26195, 3
42, 143, 6.08738, 6.29881, 1
20, 109, 6.11565, 6.94065, 1
28, 103, 6.11865, 6.30878, 1
33, 109, 6.12185, 6.40869, 1
18, 136, 6.13842, 6.30565, 1
2, 134, 6.14869, 6.8876, 0
2, 137, 6.15209, 6.44443, 0
13, 138, 6.15632, 6.19734, 0
27, 115, 6.16496, 6.29671, 1
8, 133, 6.17657, 6.25434, 2
35, 124, 6.19602, 9.02234, 0
39, 104, 6.20099, 7.4803, 0
29, 140, 6.23164, 6.23944, 3
12, 134, 6.23521, 6.80947, 0
13, 146, 6.24649, 6.53943, 1
29, 133, 6.26707, 6.33059, 3
37, 101, 6.2725, 9.77929, 0
14, 144, 6.28264, 6.35664, 2
22, 143, 6.29203, 6.40507, 1
37, 145, 6.30478, 6.60488, 0
3, 119, 6.32352, 6.73344, 3
38, 132, 6.33607, 6.68029, 2
12, 133, 6.34226, 6.34361, 1
41, 133, 6.35237, 11.8915, 3
23, 126, 6.36368, 7.28403, 1
45, 130, 6.37101, 7.7459, 2
44, 140, 6.40742, 6.98046, 2
3, 104, 6.41226, 6.50099, 2
38, 144, 6.41681, 6.42021, 2
43, 140, 6.41988, 6.75166, 0
42, 143, 6.42191, 6.59952, 1
45, 144, 6.43009, 6.79363, 1
33, 109, 6.43081, 6.48638, 1
24, 130, 6.44367, 6.57366, 2
41, 138, 6.44386, 6.48562, 1
20, 121, 6.46049, 7.05127, 0
2, 123, 6.46387, 6.78994, 0
4, 103, 6.46617, 7.42968, 0
29, 138, 6.46813, 6.47223, 1
3, 138, 6.5219, 8.08408, 1
48, 124, 6.534, 7.20139, 0
24, 104, 6.53422, 6.62075, 1
4, 104, 6.53571, 6.71651, 0
49, 142, 6.54745, 8.98436, 0
23, 107, 6.56472, 6.77372, 2
20, 126, 6.56564, 6.72813, 0
12, 123, 6.59139, 6.66433, 0
37, 136, 6.60343, 9.12752, 0
11, 146, 6.60453, 7.66034, 2
1, 119, 6.60613, 7.86755, 2
44, 144, 6.61419, 6.8249, 1
35, 109, 6.63132, 6.67708, 2
7, 103, 6.63773, 7.64045, 2
37, 112, 6.65353, 9.19212, 0
1, 146, 6.65618, 6.85374, 2
2, 147, 6.66763, 7.27264, 0
11, 133, 6.67366, 7.44948, 2
14, 148, 6.68009, 7.51069, 2
42, 115, 6.68566, 13.7729, 0
27, 137, 6.73944, 6.81178, 3
8, 137, 6.74341, 6.80097, 2
7, 114, 6.74613, 7.95361, 1
38, 108, 6.75141, 8.05282, 2
37, 132, 6.76421, 7.17842, 0
22, 107, 6.76868, 7.0157, 2
13, 133, 6.77212, 7.65577, 1
40, 104, 6.77752, 6.89176, 1
3, 119, 6.80199, 6.88702, 3
24, 138, 6.80465, 6.95817, 0
42, 144, 6.80592, 7.00583, 1
2, 150, 6.8202, 7.22368, 0
27, 137, 6.82178, 7.11911, 3
18, 126, 6.82358, 6.88362, 0
45, 137, 6.83064, 7.64909, 2
35, 115, 6.83368, 7.48876, 0
11, 140, 6.83709, 7.12231, 2
36, 103, 6.85726, 7.24672, 1
1, 146, 6.86289, 6.96875, 2
33, 143, 6.87502, 7.12261, 0
40, 104, 6.89751, 7.59936, 1
18, 109, 6.92404, 7.70912, 1
12, 137, 6.9804, 7.00401, 1
43, 140, 6.98277, 8.89109, 0
1, 146, 6.98437, 8.07952, 2
24, 123, 6.9927, 9.21246, 0
44, 144, 7.00662, 10.7079, 1
6, 107, 7.02881, 7.50553, 3
38, 121, 7.03375, 7.77361, 0
41, 123, 7.03412, 7.43536, 1
12, 138, 7.04396, 7.22667, 0
45, 119, 7.05303, 7.29519, 2
20, 107, 7.05637, 7.62282, 1
38, 126, 7.1526, 7.68698, 2
12, 123, 7.17372, 7.17954, 0
13, 137, 7.18355, 7.68711, 1
22, 108, 7.1859, 7.28993, 1
24, 104, 7.19084, 7.3733, 1
4, 119, 7.21062, 7.26232, 1
11, 140, 7.23391, 7.31012, 2
6, 143, 7.23505, 7.86779, 2
17, 138, 7.23581, 7.28512, 0
48, 132, 7.24751, 8.26828, 2
6, 150, 7.25787, 7.69603, 0
27, 147, 7.29031, 7.51899, 3
40, 103, 7.29374, 7.31766, 1
12, 140, 7.2952, 7.34064, 1
44, 107, 7.29895, 7.38518, 2
3, 119, 7.30143, 7.47863, 3
2, 133, 7.30771, 7.37116, 0
23, 144, 7.30807, 8.04271, 1
20, 126, 7.31863, 10.3161, 0
36, 103, 7.34835, 7.81489, 1
39, 126, 7.36116, 7.41739, 0
12, 130, 7.39322, 7.80765, 1
20, 109, 7.40138, 7.43553, 1
48, 124, 7.41963, 7.66724, 0
2, 150, 7.42652, 7.82353, 0
2, 138, 7.44062, 9.3298, 0
17, 140, 7.44518, 8.6687, 1
28, 138, 7.45259, 8.14559, 0
22, 144, 7.48472, 7.55052, 1
44, 119, 7.50963, 8.45956, 2
33, 111, 7.51958, 8.28975, 0
3, 104, 7.52421, 8.30623, 2
23, 148, 7.53828, 8.48643, 1
18, 136, 7.54164, 7.54326, 1
29, 133, 7.54825, 8.07021, 3
11, 133, 7.55693, 7.64761, 2
2, 140, 7.55813, 8.37516, 0
27, 115, 7.57559, 8.14876, 1
4, 149, 7.59275, 9.34389, 0
8, 114, 7.60054, 8.00041, 0
33, 107, 7.60104, 7.79528, 1
36, 149, 7.61475, 11.111, 0
28, 103, 7.62328, 7.83853, 1
20, 147, 7.63378, 7.72134, 1
49, 101, 7.64761, 8.48126, 0
39, 123, 7.66235, 7.96872, 0
35, 109, 7.66417, 7.80169, 2
14, 115, 7.66487, 7.69855, 1
40, 104, 7.67043, 7.77468, 1
3, 137, 7.67528, 7.92047, 3
22, 131, 7.68134, 8.15563, 0
27, 107, 7.70784, 7.71207, 3
18, 132, 7.7101, 9.00753, 0
17, 107, 7.71585, 8.00599, 1
44, 111, 7.74371, 8.14816, 0
33, 109, 7.74694, 8.33372, 1
1, 110, 7.78059, 7.91644, 0
45, 137, 7.78814, 9.66518, 2
38, 150, 7.804, 8.3023, 0
12, 147, 7.80495, 8.0983, 1
14, 108, 7.81282, 8.01965, 2
45, 130, 7.81673, 8.12291, 2
42, 107, 7.82656, 8.73805, 2
36, 146, 7.83242, 8.03309, 2
20, 131, 7.83777, 7.89584, 0
6, 103, 7.84138, 8.73121, 2
18, 121, 7.84278, 8.78212, 0
12, 103, 7.8632, 8.78985, 0
41, 104, 7.88057, 8.07774, 2
50, 123, 7.89291, 8.17148, 0
40, 137, 7.89582, 8.00551, 2
20, 143, 7.90584, 9.13537, 0
11, 130, 7.93369, 8.05849, 2
18, 126, 7.97211, 9.11421, 0
14, 150, 7.98414, 9.58479, 0
7, 114, 7.98426, 8.08646, 1
39, 119, 7.99314, 8.57138, 0
33, 107, 8.01205, 8.13086, 1
17, 144, 8.05407, 8.13542, 0
27, 108, 8.05645, 8.46572, 2
11, 114, 8.05754, 8.68755, 0
40, 130, 8.0716, 9.47393, 2
1, 146, 8.08043, 8.86244, 2
22, 146, 8.08103, 8.11168, 2
41, 106, 8.08724, 9.82579, 2
29, 106, 8.09056, 8.11637, 2
17, 138, 8.0929, 8.43795, 0
7, 133, 8.09353, 8.13063, 3
38, 126, 8.09883, 8.11368, 2
29, 114, 8.09996, 8.11637, 1
28, 103, 8.12502, 8.36357, 1
3, 146, 8.12613, 8.16697, 3
12, 137, 8.12832, 8.61147, 1
45, 104, 8.12851, 8.59655, 1
35, 109, 8.13285, 8.2917, 2
23, 107, 8.15768, 8.36105, 2
6, 133, 8.15819, 9.61479, 3
13, 144, 8.16583, 8.61256, 0
8, 146, 8.1914, 8.33849, 2
1, 147, 8.19262, 9.08948, 2
3, 150, 8.19545, 8.19843, 0
14, 147, 8.20638, 8.61301, 3
11, 130, 8.21904, 8.2526, 2
50, 123, 8.22316, 9.26127, 0
40, 106, 8.2246, 8.2976, 1
38, 115, 8.2608, 8.43356, 1
39, 108, 8.26373, 8.92803, 0
11, 130, 8.27668, 8.92045, 2
33, 131, 8.28107, 8.79579, 0
22, 114, 8.28547, 10.3527, 0
36, 106, 8.29639, 8.36376, 1
39, 133, 8.30763, 8.41847, 0
35, 142, 8.31825, 10.4553, 0
3, 123, 8.32042, 8.65331, 1
42, 147, 8.32277, 8.41615, 2
7, 104, 8.33909, 10.1745, 2
38, 150, 8.36012, 8.4966, 0
33, 109, 8.36679, 8.77162, 1
40, 146, 8.36807, 8.43913, 2
22, 109, 8.40176, 8.4567, 2
28, 106, 8.41478, 9.93259, 1
36, 104, 8.42019, 8.82397, 1
24, 133, 8.42628, 8.52333, 2
48, 112, 8.44813, 8.70548, 1
50, 146, 8.44839, 8.77763, 1
13, 138, 8.45549, 8.61256, 0
14, 111, 8.45575, 8.81388, 0
38, 108, 8.46623, 8.4966, 2
23, 107, 8.46858, 8.83072, 2
3, 119, 8.50639, 8.5331, 3
48, 136, 8.51179, 9.2486, 3
48, 148, 8.52901, 8.55028, 2
4, 114, 8.53186, 9.6854, 0
22, 109, 8.53726, 10.1902, 2
41, 149, 8.5516, 8.57302, 1
24, 103, 8.55394, 8.67634, 1
44, 119, 8.58113, 8.69048, 2
6, 144, 8.64507, 8.67869, 2
8, 140, 8.65326, 8.81207, 2
40, 110, 8.66, 9.16858, 0
39, 111, 8.66446, 8.70019, 0
27, 115, 8.67728, 9.12522, 1
44, 119, 8.70438, 9.06299, 2
3, 146, 8.7051, 8.81907, 3
17, 108, 8.71014, 8.96428, 0
3, 143, 8.72257, 8.82203, 2
23, 132, 8.73129, 9.1881, 1
45, 144, 8.73246, 8.87952, 1
3, 137, 8.73274, 8.76099, 3
49, 150, 8.73297, 10.5015, 0
11, 119, 8.73707, 8.80019, 2
6, 107, 8.74648, 8.80243, 3
44, 103, 8.75026, 8.77486, 1
45, 147, 8.75997, 8.87921, 2
48, 139, 8.76108, 8.7726, 2
33, 148, 8.77217, 9.39493, 0
39, 104, 8.77719, 8.79612, 0
2, 144, 8.78747, 8.99262, 0
39, 110, 8.79685, 9.31459, 0
17, 146, 8.80479, 8.96064, 1
12, 123, 8.81821, 8.83337, 0
33, 111, 8.82369, 9.61908, 0
50, 149, 8.83105, 9.21255, 0
14, 107, 8.84075, 10.0198, 3
41, 104, 8.84121, 9.06335, 2
17, 103, 8.8435, 9.17273, 0
6, 119, 8.84485, 9.70723, 3
3, 133, 8.84664, 8.94822, 3
3, 130, 8.8503, 8.94949, 3
8, 103, 8.8614, 9.10985, 1
49, 107, 8.86676, 8.95183, 1
2, 126, 8.86766, 9.54424, 0
36, 106, 8.87137, 8.90378, 1
12, 138, 8.87168, 9.3927, 0
28, 146, 8.87255, 9.08422, 2
23, 143, 8.87709, 10.0124, 1
28, 137, 8.88377, 9.01276, 2
43, 140, 8.89629, 17.8021, 0
27, 108, 8.92862, 8.95862, 2
48, 139, 8.93209, 9.66617, 2
43, 103, 8.94291, 10.3384, 0
11, 140, 8.94581, 9.93922, 2
3, 123, 8.95444, 9.5954, 1
36, 106, 8.9579, 9.38, 1
12, 146, 8.97021, 9.67912, 1
1, 108, 8.99478, 9.47712, 1
11, 130, 9.00674, 9.55223, 2
49, 144, 9.01611, 9.86275, 0
18, 132, 9.03638, 9.63309, 0
39, 147, 9.04519, 10.0875, 0
3, 137, 9.07499, 10.0941, 3
23, 108, 9.09364, 9.39037, 1
1, 119, 9.1116, 9.70531, 2
45, 107, 9.1128, 9.13058, 2
17, 140, 9.11299, 9.44028, 1
8, 133, 9.13579, 9.50897, 2
20, 107, 9.15735, 9.58597, 1
35, 143, 9.16002, 10.1097, 1
39, 140, 9.1806, 9.41906, 0
14, 148, 9.20974, 9.24241, 2
24, 104, 9.21458, 10.5313, 1
45, 109, 9.22733, 10.2912, 2
3, 103, 9.22972, 9.23811, 2
27, 147, 9.25026, 10.4145, 3
50, 103, 9.27481, 9.46519, 0
18, 148, 9.2775, 11.7838, 0
48, 112, 9.2797, 9.66617, 1
6, 108, 9.28205, 9.32867, 2
48, 124, 9.34222, 9.44634, 0
24, 110, 9.35367, 9.65628, 0
8, 149, 9.36222, 9.64361, 0
50, 123, 9.36981, 9.80434, 0
37, 112, 9.38719, 10.0383, 0
37, 136, 9.39393, 9.65466, 0
7, 138, 9.39893, 10.5246, 1
9, 146, 9.40481, 9.44496, 2
33, 108, 9.41527, 9.80671, 0
49, 111, 9.43556, 10.7722, 0
17, 110, 9.44124, 9.80363, 0
42, 107, 9.45437, 9.55614, 2
36, 138, 9.45642, 10.6143, 0
40, 103, 9.48131, 10.9136, 1
9, 138, 9.48304, 13.4314, 0
17, 104, 9.48992, 9.862, 0
1, 130, 9.51255, 10.0338, 2
23, 108, 9.51646, 9.86002, 1
18, 101, 9.53284, 10.5799, 0
27, 143, 9.53487, 9.67828, 2
2, 130, 9.57267, 10.1734, 0
11, 137, 9.5764, 9.88375, 2
9, 146, 9.59769, 10.146, 2
14, 109, 9.60018, 9.76536, 3
20, 131, 9.61225, 9.84708, 0
6, 150, 9.62733, 9.75801, 0
12, 123, 9.6517, 10.2659, 0
4, 149, 9.66539, 10.1882, 0
50, 146, 9.69709, 9.72412, 1
28, 104, 9.70577, 9.7153, 1
8, 119, 9.71504, 11.0511, 2
2, 119, 9.72015, 10.0943, 0
14, 115, 9.72475, 9.82458, 1
8, 114, 9.72766, 11.5404, 0
1, 104, 9.73204, 10.0901, 1
33, 119, 9.7357, 10.0373, 1
28, 146, 9.7366, 9.74142, 2
40, 127, 9.73691, 10.2756, 2
24, 146, 9.74758, 9.7601, 2
1, 133, 9.76961, 9.84696, 2
6, 150, 9.77522, 11.5166, 0
40, 146, 9.78618, 9.81057, 2
37, 139, 9.79626, 12.3251, 0
27, 126, 9.80798, 10.1847, 2
45, 133, 9.81385, 10.0699, 2
50, 110, 9.82109, 10.9458, 0
44, 130, 9.82899, 10.0005, 2
14, 108, 9.83602, 10.4159, 2
3, 146, 9.83636, 10.1627, 3
17, 123, 9.83784, 10.0448, 0
6, 107, 9.84649, 9.98449, 3
23, 101, 9.84656, 9.92187, 1
39, 140, 9.86801, 10.3395, 0
4, 106, 9.87375, 10.9058, 0
24, 105, 9.8786, 11.9639, 0
4, 127, 9.89026, 10.3339, 1
33, 108, 9.89363, 11.1966, 0
33, 142, 9.91279, 9.96865, 0
10, 105, 9.92139, 12.69, 0
28, 110, 9.94029, 12.9431, 0
11, 114, 9.94655, 10.2932, 0
20, 115, 9.95329, 10.2775, 0
17, 140, 9.95598, 9.95872, 1
6, 111, 9.96849, 10.0569, 0
37, 132, 10.0267, 10.8088, 0
23, 121, 10.0426, 10.6657, 0
1, 137, 10.0464, 10.7404, 2
39, 107, 10.0518, 10.8804, 0
35, 131, 10.06, 10.4476, 0
45, 123, 10.0626, 10.1475, 0
17, 103, 10.0631, 10.5116, 0
14, 101, 10.0902, 10.2074, 2
50, 106, 10.0935, 10.9458, 0
20, 142, 10.094, 11.4265, 0
17, 106, 10.0958, 10.96, 0
6, 143, 10.1152, 10.9549, 2
33, 107, 10.1427, 10.2716, 1
3, 144, 10.1537, 10.6725, 2
23, 147, 10.1596, 10.2224, 2
45, 130, 10.165, 10.3344, 2
44, 149, 10.167, 10.4153, 0
12, 137, 10.167, 10.9128, 1
11, 133, 10.1739, 10.2557, 2
7, 105, 10.1797, 10.2228, 1
10, 119, 10.1885, 11.5312, 0
1, 123, 10.1897, 10.3471, 0
28, 146, 10.1956, 10.2732, 2
2, 130, 10.2121, 10.9807, 0
6, 126, 10.237, 10.2431, 2
12, 146, 10.2405, 10.4822, 1
37, 124, 10.2426, 12.3251, 0
22, 147, 10.2541, 10.3661, 2
11, 133, 10.2721, 11.0589, 2
33, 109, 10.3218, 10.6455, 1
20, 126, 10.3264, 11.3877, 0
14, 115, 10.3312, 10.7747, 1
43, 127, 10.3385, 11.9939, 0
23, 107, 10.3431, 10.4671, 2
27, 150, 10.3442, 10.5053, 0
28, 127, 10.3471, 10.4953, 2
11, 104, 10.3539, 10.491, 1
3, 119, 10.3542, 10.5173, 3
45, 146, 10.3586, 10.8543, 2
1, 130, 10.3727, 10.6851, 2
22, 131, 10.3731, 10.5184, 0
9, 123, 10.3856, 14.4246, 0
35, 101, 10.3879, 10.4933, 1
11, 123, 10.3956, 10.7889, 0
14, 147, 10.4196, 10.9724, 3
24, 140, 10.4294, 10.439, 2
44, 126, 10.4303, 10.6481, 1
47, 103, 10.4364, 10.8081, 0
7, 114, 10.4591, 11.6958, 1
12, 123, 10.4832, 10.4946, 0
40, 140, 10.4948, 10.6525, 2
35, 107, 10.4958, 10.7984, 2
39, 108, 10.4978, 10.5721, 0
4, 104, 10.5009, 11.2047, 0
41, 127, 10.5081, 10.5341, 3
22, 147, 10.5123, 10.7067, 2
17, 149, 10.5131, 10.5264, 0
39, 130, 10.5256, 10.5444, 0
23, 109, 10.5527, 10.8, 2
22, 108, 10.5733, 10.6234, 1
20, 150, 10.5762, 11.0889, 0
35, 143, 10.5769, 10.8374, 1
1, 135, 10.5771, 10.7668, 0
49, 101, 10.583, 11.0694, 0
39, 149, 10.5874, 11.4145, 0
17, 137, 10.6206, 10.7518, 1
12, 138, 10.6238, 10.7665, 0
49, 144, 10.6414, 11.5227, 0
3, 146, 10.6476, 10.9316, 3
41, 135, 10.6534, 11.8424, 0
28, 127, 10.6599, 10.8051, 2
40, 104, 10.6614, 11.5413, 1
42, 101, 10.6624, 10.9771, 1
7, 127, 10.6675, 10.7314, 3
28, 133, 10.6696, 10.672, 2
23, 121, 10.6885, 16.7921, 0
36, 133, 10.6936, 10.7047, 2
33, 111, 10.7048, 10.8728, 0
44, 108, 10.7183, 14.1239, 1
44, 123, 10.7191, 11.568, 0
6, 147, 10.7306, 10.771, 3
1, 140, 10.7457, 10.8305, 2
22, 144, 10.7526, 11.0465, 1
3, 130, 10.7635, 10.9807, 3
18, 124, 10.7644, 11.8987, 0
36, 133, 10.766, 11.1135, 2
17, 128, 10.7908, 10.96, 0
45, 138, 10.8044, 12.1672, 0
47, 128, 10.8086, 11.0498, 0
12, 149, 10.815, 10.9866, 0
27, 109, 10.8197, 11.2851, 3
23, 107, 10.832, 10.8908, 2
1, 140, 10.8443, 11.8211, 2
14, 143, 10.851, 11.4611, 2
35, 147, 10.8534, 11.3342, 2
11, 146, 10.8916, 10.9345, 2
24, 117, 10.8982, 14.1299, 0
22, 111, 10.9161, 11.2624, 0
2, 103, 10.9164, 13.7063, 0
40, 137, 10.9252, 11.0351, 2
4, 140, 10.9266, 11.317, 1
18, 109, 10.927, 10.9578, 1
22, 107, 10.9275, 11.1306, 2
11, 146, 10.9355, 11.8645, 2
11, 137, 10.9425, 11.0004, 2
23, 111, 10.9575, 11.6654, 0
39, 146, 10.9595, 11.4382, 0
7, 141, 10.9603, 11.5478, 2
33, 119, 10.9662, 11.5312, 1
14, 131, 10.9745, 13.0142, 0
12, 128, 10.9892, 14.0939, 0
1, 117, 10.9907, 11.0437, 0
12, 106, 11.011, 13.315, 0
40, 103, 11.0142, 11.5681, 1
16, 106, 11.0172, 12.0395, 2
4, 141, 11.0358, 11.2663, 0
3, 137, 11.0534, 14.0273, 3
42, 101, 11.0636, 11.0694, 1
47, 135, 11.0711, 14.8234, 0
47, 127, 11.0716, 11.4241, 1
45, 128, 11.1114, 11.8495, 0
49, 150, 11.115, 13.5626, 0
16, 122, 11.1336, 11.4418, 1
37, 112, 11.1363, 11.9799, 0
28, 137, 11.1421, 11.5132, 2
36, 138, 11.1456, 11.4627, 0
22, 107, 11.1471, 11.6703, 2
11, 149, 11.1562, 12.9605, 0
3, 119, 11.1612, 11.3913, 3
35, 144, 11.1727, 11.2291, 1
1, 133, 11.1825, 12.051, 2
36, 117, 11.1877, 12.1707, 0
45, 110, 11.2239, 11.5185, 0
35, 109, 11.24, 11.2851, 2
35, 144, 11.2409, 11.5559, 1
33, 126, 11.2524, 11.288, 0
4, 104, 11.2665, 12.4137, 0
6, 143, 11.2748, 11.6185, 2
10, 122, 11.2795, 11.7418, 0
4, 138, 11.2887, 11.3059, 0
33, 115, 11.3014, 11.5331, 0
2, 137, 11.3318, 13.5903, 0
22, 147, 11.3361, 11.6211, 2
9, 141, 11.3531, 12.0678, 1
39, 133, 11.4216, 12.1441, 0
22, 121, 11.4302, 12.866, 0
3, 127, 11.4338, 11.9753, 3
35, 142, 11.4363, 12.0358, 0
39, 104, 11.444, 14.4048, 0
35, 107, 11.4451, 11.4952, 2
20, 142, 11.4466, 13.5712, 0
7, 149, 11.4523, 11.5912, 1
3, 138, 11.4641, 11.5112, 1
27, 147, 11.4677, 11.5088, 3
36, 127, 11.4689, 11.9036, 2
47, 105, 11.4713, 12.3674, 0
28, 106, 11.5025, 11.7321, 1
16, 140, 11.5198, 11.8168, 3
14, 108, 11.5239, 11.8576, 2
49, 147, 11.5369, 11.5726, 1
45, 107, 11.5492, 11.9668, 2
33, 144, 11.5597, 11.7172, 0
6, 123, 11.5799, 12.1387, 1
12, 122, 11.5918, 12.2149, 0
20, 144, 11.5932, 11.7172, 0
49, 111, 11.5939, 13.4554, 0
8, 146, 11.594, 12.1233, 2
40, 110, 11.6071, 12.7248, 0
16, 117, 11.6123, 11.6706, 0
44, 147, 11.6239, 11.6742, 2
42, 150, 11.6469, 12.2803, 0
8, 103, 11.6492, 11.9303, 1
10, 141, 11.6643, 12.6635, 0
35, 143, 11.6654, 11.7508, 1
2, 117, 11.671, 11.6746, 0
20, 107, 11.6771, 11.689, 1
33, 107, 11.6901, 12.1241, 1
6, 114, 11.6944, 11.8164, 1
4, 128, 11.6951, 11.9353, 0
45, 149, 11.7009, 12.187, 0
27, 147, 11.7078, 11.7147, 3
2, 107, 11.7192, 11.733, 0
34, 103, 11.7455, 13.9168, 1
40, 104, 11.7479, 11.7674, 1
7, 141, 11.754, 12.2709, 2
18, 132, 11.7974, 13.0086, 0
33, 143, 11.8055, 12.0835, 0
7, 114, 11.8297, 11.8535, 1
35, 115, 11.8614, 11.9513, 0
11, 104, 11.8791, 11.962, 1
1, 113, 11.8803, 14.9533, 0
6, 131, 11.8909, 12.5902, 0
14, 108, 11.9014, 12.1689, 2
47, 114, 11.9072, 12.0927, 0
41, 135, 11.9192, 16.2898, 0
44, 143, 11.9224, 11.9394, 1
22, 111, 11.9351, 13.7126, 0
16, 133, 11.9431, 12.0785, 3
41, 117, 11.9493, 12.2678, 0
44, 140, 11.9522, 12.0338, 2
11, 137, 11.9536, 12.0138, 2
7, 128, 11.9628, 12.7027, 1
20, 107, 11.9675, 12.7204, 1
34, 105, 11.9766, 12.1876, 0
19, 127, 11.9953, 12.3063, 1
36, 103, 11.996, 12.0775, 1
31, 128, 11.9983, 12.3313, 1
40, 149, 12.0102, 12.0485, 0
18, 148, 12.0122, 12.5643, 0
35, 143, 12.038, 13.3548, 1
35, 121, 12.0432, 12.4778, 0
44, 106, 12.0656, 12.6872, 1
23, 115, 12.0677, 14.4457, 0
26, 140, 12.0776, 17.7673, 0
11, 123, 12.0807, 13.1305, 0
2, 146, 12.0814, 13.4747, 0
1, 133, 12.0834, 12.5309, 2
11, 133, 12.0928, 12.1049, 2
4, 127, 12.0968, 12.6096, 1
43, 114, 12.1115, 13.5339, 0
22, 114, 12.122, 12.3316, 0
24, 137, 12.1245, 12.1567, 2
19, 122, 12.1259, 15.3236, 0
40, 146, 12.1264, 12.1305, 2
24, 122, 12.1402, 12.9816, 0
33, 107, 12.1405, 12.358, 1
36, 113, 12.1794, 17.0874, 0
8, 141, 12.1918, 12.2322, 1
16, 149, 12.193, 12.4447, 1
3, 143, 12.21, 13.317, 2
45, 133, 12.2163, 12.2648, 2
28, 138, 12.2183, 12.2492, 0
36, 138, 12.2247, 12.866, 0
23, 107, 12.2427, 12.322, 2
21, 135, 12.2436, 12.5605, 0
6, 146, 12.2462, 12.6672, 3
41, 149, 12.2767, 12.5858, 1
41, 141, 12.2778, 12.436, 2
45, 108, 12.2992, 12.8846, 1
42, 142, 12.3094, 12.4005, 0
10, 133, 12.3146, 12.5309, 0
3, 133, 12.3187, 12.3277, 3
33, 108, 12.3201, 12.4169, 0
8, 114, 12.326, 12.5149, 0
31, 135, 12.3396, 15.3276, 0
16, 117, 12.3541, 13.922, 0
28, 114, 12.3636, 12.6485, 0
26, 141, 12.3706, 14.2004, 0
40, 105, 12.373, 12.9199, 0
4, 123, 12.4162, 12.4569, 0
39, 107, 12.434, 12.6303, 0
11, 104, 12.4949, 12.6209, 1
7, 123, 12.5137, 12.8422, 1
6, 143, 12.5181, 12.5341, 2
16, 127, 12.5218, 13.332, 3
47, 141, 12.5246, 13.2148, 0
44, 150, 12.5417, 13.0517, 0
35, 150, 12.5465, 12.7747, 0
14, 108, 12.5599, 13.2876, 2
21, 127, 12.5658, 12.5838, 3
18, 148, 12.5673, 14.4838, 0
21, 127, 12.6219, 14.14, 3
4, 105, 12.6219, 15.1555, 0
41, 149, 12.6486, 12.7762, 1
10, 149, 12.6498, 13.2357, 0
6, 123, 12.6573, 12.9658, 1
33, 131, 12.6635, 12.8056, 0
8, 106, 12.6829, 12.7245, 1
12, 146, 12.6863, 13.316, 1
4, 114, 12.7099, 12.8945, 0
21, 128, 12.7309, 13.2675, 1
49, 142, 12.7345, 13.2092, 0
20, 111, 12.7349, 13.0905, 0
8, 104, 12.7419, 12.849, 1
33, 107, 12.7469, 12.8056, 1
2, 105, 12.7599, 12.8199, 0
47, 149, 12.7852, 12.8084, 0
34, 106, 12.7867, 13.5208, 1
39, 146, 12.8186, 12.8239, 0
10, 127, 12.8405, 12.8567, 0
41, 149, 12.8524, 12.907, 1
3, 107, 12.8535, 13.7075, 3
9, 141, 12.8587, 12.9085, 1
42, 121, 12.8721, 13.6658, 0
1, 104, 12.8781, 13.0125, 1
7, 106, 12.8853, 12.9171, 2
28, 137, 12.8866, 13.2384, 2
26, 113, 12.8969, 13.2366, 0
45, 127, 12.8992, 13.7937, 2
14, 143, 12.9014, 13.0418, 2
10, 118, 12.9346, 17.8476, 0
7, 103, 12.9377, 14.0361, 2
7, 105, 12.9385, 13.3242, 1
40, 110, 12.9595, 14.6206, 0
5, 113, 12.9627, 14.4928, 0
28, 149, 12.9684, 13.3292, 0
36, 118, 12.9788, 14.3394, 2
24, 122, 12.9902, 15.8982, 0
6, 114, 13.0132, 13.7617, 1
39, 123, 13.0262, 13.2544, 0
11, 138, 13.0352, 14.0691, 0
41, 141, 13.047, 13.1018, 2
6, 107, 13.0513, 13.4812, 3
14, 143, 13.0663, 13.1642, 2
8, 114, 13.0735, 13.1264, 0
1, 104, 13.1006, 13.1899, 1
18, 132, 13.1144, 15.3409, 0
35, 150, 13.1206, 13.6278, 0
1, 138, 13.1318, 13.2535, 0
4, 106, 13.1391, 14.0513, 0
18, 139, 13.1483, 13.3309, 0
6, 131, 13.1959, 14.6295, 0
4, 104, 13.2001, 13.5046, 0
14, 131, 13.2038, 15.8814, 0
41, 149, 13.2412, 13.3341, 1
40, 141, 13.2444, 13.4073, 1
41, 105, 13.2479, 13.3962, 1
18, 121, 13.2511, 13.2704, 0
32, 138, 13.2729, 13.5776, 0
20, 108, 13.2878, 15.3017, 0
11, 123, 13.3079, 18.3641, 0
28, 128, 13.3367, 13.6962, 0
7, 149, 13.3555, 13.8763, 1
45, 114, 13.3567, 14.236, 0
14, 121, 13.3615, 13.5236, 0
35, 143, 13.3696, 13.7845, 1
43, 127, 13.3826, 14.0806, 0
32, 149, 13.3899, 15.8901, 0
21, 149, 13.3958, 13.6793, 1
12, 122, 13.4293, 13.5658, 0
10, 141, 13.4379, 14.867, 0
40, 123, 13.4389, 14.9834, 0
3, 146, 13.4929, 13.8005, 3
49, 143, 13.5023, 18.8425, 0
2, 108, 13.5028, 13.7248, 0
6, 107, 13.5075, 13.6641, 3
21, 114, 13.5097, 13.5126, 1
18, 150, 13.5113, 14.0287, 0
10, 105, 13.5534, 13.8229, 0
19, 104, 13.5561, 13.8987, 0
44, 146, 13.5568, 13.7836, 2
16, 122, 13.5572, 13.6819, 1
24, 140, 13.5676, 13.7058, 2
16, 110, 13.5729, 13.5889, 1
41, 141, 13.5753, 14.0401, 2
40, 146, 13.5832, 13.7269, 2
12, 137, 13.6126, 13.6969, 1
19, 106, 13.6138, 14.4119, 0
47, 105, 13.6194, 14.462, 0
20, 150, 13.6431, 14.7115, 0
14, 121, 13.678, 13.8666, 0
31, 128, 13.6902, 13.8982, 1
49, 107, 13.6999, 14.2662, 1
28, 137, 13.7001, 14.2661, 2
4, 138, 13.7234, 16.2146, 0
2, 103, 13.7314, 14.8278, 0
18, 124, 13.7828, 13.9418, 0
35, 142, 13.7857, 14.9101, 0
42, 143, 13.8, 16.0581, 1
3, 146, 13.8155, 14.7786, 3
8, 113, 13.8188, 13.8959, 0
22, 107, 13.8208, 14.8867, 2
2, 140, 13.8572, 14.3912, 0
44, 143, 13.8762, 13.9373, 1
34, 113, 13.8871, 13.8973, 0
28, 122, 13.8944, 14.4552, 0
5, 128, 13.9001, 14.0262, 0
1, 104, 13.9099, 14.3445, 1
8, 149, 13.9251, 14.1219, 0
10, 127, 13.9453, 14.5491, 0
16, 128, 13.9456, 14.2319, 1
22, 137, 13.9498, 14.1477, 2
2, 114, 13.9544, 14.4651, 0
34, 117, 13.9559, 14.219, 0
45, 146, 13.958, 14.1051, 2
16, 118, 13.9622, 13.9753, 3
39, 131, 13.9713, 15.0874, 0
34, 118, 13.9784, 13.9852, 2
7, 146, 13.9827, 14.1344, 3
18, 142, 13.9907, 14.0189, 0
7, 104, 14.0401, 14.4021, 2
12, 149, 14.0462, 14.174, 0
14, 121, 14.0587, 15.1638, 0
32, 118, 14.0624, 14.2813, 2
43, 105, 14.087, 14.3507, 0
11, 138, 14.1024, 14.6766, 0
21, 141, 14.1063, 14.1892, 2
6, 143, 14.1258, 14.1515, 2
10, 128, 14.1379, 14.2598, 0
12, 117, 14.163, 15.9524, 0
9, 114, 14.1668, 14.1829, 0
44, 137, 14.1689, 14.3632, 2
45, 128, 14.1712, 14.206, 0
6, 146, 14.1726, 14.6815, 3
47, 129, 14.1814, 14.3865, 0
41, 129, 14.1859, 16.5375, 0
41, 127, 14.1867, 15.177, 3
43, 149, 14.2141, 14.4484, 0
11, 103, 14.2154, 14.4533, 1
21, 129, 14.2172, 14.6971, 0
35, 108, 14.2264, 14.4022, 1
34, 106, 14.2265, 14.3828, 1
31, 128, 14.2359, 14.5402, 1
12, 149, 14.2364, 14.5831, 0
44, 138, 14.2579, 14.4089, 0
45, 150, 14.2636, 15.1239, 0
16, 117, 14.2682, 14.9456, 0
16, 141, 14.2725, 14.5447, 2
7, 110, 14.2729, 14.4245, 1
18, 121, 14.3086, 14.9006, 0
3, 107, 14.3286, 14.5791, 3
35, 115, 14.339, 15.075, 0
9, 141, 14.3431, 14.4026, 1
5, 128, 14.3471, 15.477, 0
34, 118, 14.3596, 14.5579, 2
36, 103, 14.3634, 14.742, 1
1, 137, 14.3659, 14.5522, 2
44, 114, 14.3676, 14.4089, 0
7, 105, 14.3741, 14.4279, 1
19, 104, 14.4147, 17.9617, 0
9, 106, 14.4188, 15.3916, 1
21, 110, 14.4316, 14.5641, 1
7, 106, 14.4338, 14.4978, 2
28, 104, 14.4405, 14.5287, 1
22, 137, 14.4542, 14.6104, 2
11, 114, 14.473, 14.9771, 0
43, 106, 14.476, 15.0505, 0
49, 115, 14.4783, 15.9666, 0
14, 142, 14.4994, 15.7525, 0
24, 114, 14.5061, 14.645, 0
7, 106, 14.5094, 14.6913, 2
35, 108, 14.5139, 14.6366, 1
28, 110, 14.539, 15.181, 0
2, 143, 14.5392, 14.7154, 0
34, 105, 14.5581, 16.8481, 0
1, 105, 14.5587, 14.5941, 0
28, 149, 14.563, 15.6813, 0
39, 141, 14.5778, 15.1964, 0
9, 104, 14.5787, 14.5872, 1
45, 128, 14.5882, 14.8105, 0
7, 127, 14.5893, 15.3236, 3
7, 114, 14.6011, 14.6522, 1
22, 137, 14.6106, 17.4126, 2
32, 122, 14.6229, 14.6313, 0
12, 127, 14.6364, 14.6425, 1
9, 113, 14.6375, 15.2487, 0
10, 110, 14.6422, 15.3641, 0
3, 138, 14.6636, 14.9282, 1
34, 118, 14.6709, 16.3794, 2
42, 115, 14.677, 15.0073, 0
23, 108, 14.6777, 14.7222, 1
6, 107, 14.6869, 14.7907, 3
47, 122, 14.7012, 14.9142, 0
21, 129, 14.7017, 15.3755, 0
21, 105, 14.7187, 14.8783, 1
31, 128, 14.7226, 14.7997, 1
18, 124, 14.7325, 14.9192, 0
12, 140, 14.7366, 14.8344, 1
39, 146, 14.7417, 15.518, 0
23, 103, 14.7442, 14.8361, 1
43, 104, 14.7583, 16.6588, 0
31, 149, 14.7613, 14.7727, 1
2, 118, 14.7734, 14.81, 0
7, 146, 14.7967, 15.0315, 3
24, 137, 14.8242, 15.1538, 2
40, 135, 14.8254, 15.5488, 0
3, 123, 14.8279, 15.2859, 1
32, 141, 14.8499, 14.9067, 1
28, 103, 14.8509, 15.0058, 1
23, 131, 14.8596, 15.0393, 0
2, 138, 14.87, 15.5266, 0
6, 107, 14.8792, 15.9175, 3
1, 103, 14.8877, 15.2934, 1
22, 108, 14.8885, 14.9713, 1
24, 104, 14.8923, 14.9693, 1
16, 140, 14.899, 14.9495, 3
34, 104, 14.8991, 14.8992, 1
6, 143, 14.9022, 15.6601, 2
32, 137, 14.9207, 14.9882, 2
47, 128, 14.9292, 15.477, 0
3, 114, 14.9459, 15.5859, 1
47, 117, 14.9573, 18.2147, 0
46, 141, 14.9652, 15.1044, 2
18, 139, 14.9746, 16.4014, 0
22, 107, 14.9822, 15.0701, 2
1, 110, 14.9826, 15.1552, 0
35, 108, 15.0022, 15.075, 1
9, 127, 15.0036, 15.1472, 2
18, 124, 15.0068, 15.9261, 0
16, 141, 15.0124, 15.7965, 2
12, 114, 15.0136, 16.9342, 0
16, 113, 15.0143, 15.5283, 0
36, 103, 15.0429, 15.3068, 1
11, 140, 15.0877, 15.541, 2
49, 146, 15.0998, 15.7818, 1
7, 117, 15.1327, 15.4192, 0
42, 150, 15.1358, 16.7268, 0
2, 146, 15.1549, 15.785, 0
23, 107, 15.1617, 15.3711, 2
23, 131, 15.1744, 15.2505, 0
21, 106, 15.1812, 15.2242, 2
28, 110, 15.1892, 17.2427, 0
20, 121, 15.1905, 15.3982, 0
45, 137, 15.1959, 16.3676, 2
40, 106, 15.2005, 15.8587, 1
26, 122, 15.2043, 15.7032, 0
31, 105, 15.2147, 15.3618, 1
1, 141, 15.2216, 15.3634, 1
30, 125, 15.2344, 19.0969, 0
46, 127, 15.2409, 15.5771, 3
24, 125, 15.2549, 15.2812, 0
5, 127, 15.2685, 15.2697, 2
43, 106, 15.2769, 15.4017, 0
2, 108, 15.3101, 15.3774, 0
11, 103, 15.3122, 15.5331, 1
36, 128, 15.3192, 15.477, 0
22, 108, 15.3213, 15.3774, 1
9, 113, 15.3255, 15.942, 0
20, 150, 15.3302, 16.0839, 0
31, 103, 15.3415, 15.6885, 2
10, 105, 15.369, 15.5073, 0
1, 110, 15.3704, 17.06, 0
21, 125, 15.3957, 17.3118, 0
1, 149, 15.3981, 16.0689, 0
20, 107, 15.4049, 15.8541, 1
43, 122, 15.4116, 15.7396, 0
24, 135, 15.4164, 15.8982, 0
7, 114, 15.4269, 15.5485, 1
40, 117, 15.4295, 15.5948, 0
5, 141, 15.4407, 15.9893, 1
9, 106, 15.4425, 16.8274, 1
20, 115, 15.4744, 16.0682, 0
32, 129, 15.4776, 16.8017, 0
41, 105, 15.5234, 16.2918, 1
19, 141, 15.5241, 16.3488, 0
39, 123, 15.5306, 16.0082, 0
4, 105, 15.5447, 16.8465, 0
7, 140, 15.5499, 16.1279, 3
31, 129, 15.5503, 16.1343, 0
10, 137, 15.5702, 16.1765, 0
30, 103, 15.5773, 15.5803, 1
45, 127, 15.5775, 16.1518, 2
34, 135, 15.5837, 15.5889, 0
36, 146, 15.5902, 15.9469, 2
11, 103, 15.5982, 16.5758, 1
22, 138, 15.6147, 19.3391, 0
2, 137, 15.6825, 15.8214, 0
22, 121, 15.6863, 16.7148, 0
32, 113, 15.6865, 16.2032, 0
46, 114, 15.7036, 16.5832, 1
21, 127, 15.7109, 15.8241, 3
23, 131, 15.7279, 17.1804, 0
28, 106, 15.7358, 15.9235, 1
47, 122, 15.748, 17.1571, 0
46, 125, 15.7533, 16.3708, 0
24, 149, 15.7543, 15.8982, 0
3, 146, 15.7881, 15.8797, 3
14, 121, 15.8205, 15.8341, 0
6, 150, 15.8246, 16.1597, 0
2, 140, 15.8272, 15.9358, 0
16, 117, 15.8337, 16.3613, 0
26, 103, 15.8705, 16.4686, 0
40, 149, 15.8971, 15.9616, 0
20, 142, 15.9068, 16.3263, 0
21, 129, 15.9138, 15.9686, 0
14, 115, 15.9157, 16.155, 1
2, 110, 15.9274, 18.6031, 0
3, 107, 15.9294, 16.9327, 3
28, 127, 15.9304, 16.1405, 2
4, 122, 15.9447, 16.8738, 0
23, 107, 15.945, 16.0154, 2
36, 118, 15.9494, 16.1989, 2
1, 146, 15.968, 16.5539, 2
31, 141, 15.993, 16.1805, 2
11, 106, 15.995, 16.2399, 1
5, 149, 16.0462, 24.2828, 0
21, 135, 16.0465, 16.4558, 0
40, 117, 16.0575, 16.7972, 0
6, 146, 16.0875, 16.1734, 3
40, 114, 16.0949, 16.1117, 0
5, 141, 16.1288, 16.4323, 1
7, 138, 16.1322, 16.9796, 1
18, 142, 16.1506, 17.3433, 0
2, 127, 16.1521, 21.3105, 0
20, 115, 16.1573, 16.3263, 0
49, 121, 16.1601, 16.3799, 0
40, 135, 16.194, 16.3992, 0
42, 131, 16.1959, 18.8469, 0
6, 143, 16.2119, 16.7278, 2
7, 103, 16.232, 16.3305, 2
14, 107, 16.2383, 18.6788, 3
1, 123, 16.2427, 17.0309, 0
40, 149, 16.2533, 16.3609, 0
31, 129, 16.272, 16.4118, 0
7, 114, 16.2771, 16.2904, 1
9, 127, 16.3073, 16.89, 2
10, 135, 16.3117, 16.4909, 0
12, 146, 16.3216, 16.5525, 1
41, 113, 16.3563, 16.5375, 0
32, 149, 16.3569, 17.6303, 0
16, 117, 16.3707, 16.74, 0
45, 143, 16.3751, 17.9373, 1
9, 125, 16.3842, 16.8156, 0
10, 106, 16.3846, 16.9823, 0
40, 146, 16.395, 16.4462, 2
30, 104, 16.4086, 16.5158, 1
19, 113, 16.4122, 17.8748, 0
26, 141, 16.4258, 16.7024, 0
34, 127, 16.4418, 16.4572, 2
31, 141, 16.4482, 16.7366, 2
18, 139, 16.4597, 16.9271, 0
21, 135, 16.4655, 17.3118, 0
12, 140, 16.5021, 16.5186, 1
31, 152, 16.5089, 16.7816, 3
12, 103, 16.5192, 16.8575, 0
3, 138, 16.5498, 16.6973, 1
7, 104, 16.5564, 16.9267, 2
16, 127, 16.5607, 16.8428, 3
40, 146, 16.5733, 16.7717, 2
26, 135, 16.5801, 16.7023, 0
6, 150, 16.5867, 18.6694, 0
5, 152, 16.5932, 16.7508, 2
3, 146, 16.5958, 16.6918, 3
45, 123, 16.6088, 16.7871, 0
4, 135, 16.6316, 16.7594, 0
46, 118, 16.6569, 18.8652, 3
11, 114, 16.6699, 17.764, 0
21, 122, 16.6736, 16.9085, 1
46, 125, 16.717, 17.068, 0
43, 137, 16.7398, 17.07, 0
30, 103, 16.7536, 17.2501, 1
34, 152, 16.7849, 16.7958, 2
45, 103, 16.7918, 16.8736, 1
31, 135, 16.7927, 20.3043, 0
31, 141, 16.7944, 16.834, 2
28, 146, 16.7957, 17.2667, 2
40, 152, 16.801, 19.6874, 2
49, 142, 16.8084, 18.0928, 0
42, 150, 16.8126, 17.9612, 0
34, 129, 16.8133, 21.1774, 0
31, 141, 16.8387, 17.1565, 2
46, 105, 16.8528, 18.6295, 1
36, 152, 16.8656, 17.8259, 2
9, 152, 16.8681, 17.0198, 2
3, 117, 16.8697, 17.3165, 0
12, 106, 16.8834, 17.1318, 0
4, 113, 16.8905, 18.2562, 0
45, 103, 16.8923, 17.1704, 1
9, 129, 16.9111, 17.4854, 0
30, 106, 16.9217, 17.2383, 1
40, 123, 16.9224, 19.4859, 0
7, 105, 16.9354, 17.4041, 1
6, 107, 16.9468, 17.4312, 3
4, 118, 16.9485, 17.0259, 1
7, 122, 16.9504, 17.3579, 1
34, 135, 16.9581, 17.5208, 0
32, 141, 17.0036, 17.358, 1
21, 104, 17.0115, 17.2126, 2
36, 127, 17.0155, 17.2665, 2
5, 138, 17.0223, 18.6466, 0
4, 135, 17.0459, 17.2671, 0
26, 141, 17.0597, 17.1154, 0
1, 137, 17.064, 17.3214, 2
43, 122, 17.076, 17.4037, 0
28, 140, 17.0867, 17.1175, 2
14, 150, 17.1141, 17.3705, 0
10, 114, 17.1335, 18.2348, 0
12, 114, 17.1346, 18.2817, 0
12, 141, 17.1607, 17.3908, 0
1, 146, 17.1803, 17.2667, 2
3, 138, 17.2015, 17.7071, 1
23, 131, 17.2344, 17.905, 0
5, 106, 17.2539, 17.712, 1
1, 105, 17.256, 17.2858, 0
2, 103, 17.2687, 17.2813, 0
28, 110, 17.2782, 20.0566, 0
26, 103, 17.2885, 20.1859, 0
31, 117, 17.3013, 17.6694, 0
30, 129, 17.3194, 17.9077, 0
19, 106, 17.3262, 17.7241, 0
1, 117, 17.346, 17.8318, 0
46, 103, 17.3472, 17.5597, 2
9, 122, 17.3519, 17.7589, 0
31, 141, 17.391, 17.9846, 2
7, 140, 17.391, 17.407, 3
12, 104, 17.3937, 17.7816, 0
34, 117, 17.3943, 17.4369, 0
12, 127, 17.3983, 17.6297, 1
32, 141, 17.4087, 17.7152, 1
28, 105, 17.4107, 18.3316, 0
7, 113, 17.4308, 18.8698, 0
43, 106, 17.4492, 17.5192, 0
45, 137, 17.46, 17.5505, 2
14, 150, 17.5263, 17.587, 0
34, 113, 17.5295, 17.6503, 0
3, 137, 17.5333, 18.2879, 3
1, 104, 17.5424, 17.7017, 1
4, 127, 17.577, 17.9694, 1
23, 107, 17.6169, 17.6537, 2
1, 137, 17.6202, 17.9764, 2
22, 150, 17.6573, 17.9606, 0
36, 135, 17.6641, 18.6314, 0
47, 122, 17.679, 18.1607, 0
4, 149, 17.6832, 18.1268, 0
9, 103, 17.6866, 18.6738, 1
34, 106, 17.728, 18.6354, 1
7, 141, 17.728, 17.7971, 2
32, 125, 17.7588, 19.7691, 0
3, 110, 17.7674, 17.7896, 1
12, 123, 17.7777, 17.7944, 0
43, 141, 17.7988, 19.555, 0
14, 143, 17.8201, 18.1754, 2
2, 140, 17.8288, 18.0478, 0
32, 135, 17.8329, 18.8297, 0
34, 117, 17.8463, 18.2598, 0
53, 149, 17.8546, 18.4177, 0
43, 129, 17.8585, 18.3579, 0
19, 106, 17.8606, 18.0356, 0
23, 107, 17.8767, 17.9341, 2
53, 117, 17.8815, 18.7948, 0
40, 104, 17.8841, 17.9315, 1
9, 122, 17.904, 17.937, 0
11, 104, 17.9046, 18.2472, 1
53, 152, 17.9115, 17.9248, 2
26, 118, 17.9337, 19.4733, 0
23, 107, 17.9402, 18.3453, 2
45, 140, 17.9561, 18.0478, 2
28, 135, 17.9615, 18.3169, 0
3, 104, 17.9639, 18.0458, 2
10, 122, 17.9861, 18.2285, 0
36, 138, 17.9982, 18.2366, 0
9, 105, 18.0163, 18.8121, 0
31, 118, 18.0245, 18.0465, 3
1, 110, 18.0314, 18.035, 0
1, 106, 18.0398, 18.1039, 1
30, 127, 18.0434, 18.0847, 2
1, 137, 18.0544, 18.1139, 2
5, 152, 18.0918, 18.5358, 2
23, 150, 18.1011, 18.5437, 0
12, 104, 18.1051, 18.2817, 0
19, 122, 18.1169, 19.4321, 0
1, 106, 18.1235, 18.7823, 1
7, 104, 18.1371, 18.289, 2
49, 142, 18.1436, 18.6255, 0
1, 117, 18.1627, 18.6557, 0
40, 141, 18.1634, 18.5199, 1
42, 143, 18.181, 18.6169, 1
52, 103, 18.1905, 18.7713, 1
47, 149, 18.2098, 19.095, 0
45, 137, 18.2115, 18.4389, 2
43, 122, 18.237, 18.3688, 0
10, 106, 18.2415, 18.3141, 0
19, 129, 18.2802, 18.3152, 0
36, 114, 18.2857, 18.3748, 0
45, 104, 18.316, 18.4857, 1
54, 154, 18.3211, 18.9881, 2
4, 129, 18.3388, 20.4453, 0
3, 114, 18.3547, 18.3748, 1
4, 127, 18.3648, 18.6556, 1
4, 123, 18.3654, 18.7933, 0
11, 137, 18.3792, 19.814, 2
52, 113, 18.3908, 19.1503, 0
31, 122, 18.4299, 19.0722, 1
3, 137, 18.4574, 20.0486, 3
42, 107, 18.4607, 18.5725, 2
19, 110, 18.4732, 18.6185, 0
1, 104, 18.5051, 19.2713, 1
53, 104, 18.512, 18.5927, 1
30, 141, 18.5301, 18.6516, 1
43, 152, 18.5423, 19.8943, 0
3, 127, 18.5628, 18.608, 3
6, 107, 18.575, 18.9005, 3
14, 131, 18.6035, 18.6338, 0
7, 104, 18.6154, 20.1377, 2
31, 118, 18.6219, 18.7963, 3
7, 110, 18.6262, 18.7198, 1
45, 137, 18.6459, 18.8071, 2
36, 154, 18.6463, 18.7586, 2
47, 105, 18.6523, 19.7577, 0
46, 129, 18.6535, 19.5562, 0
26, 104, 18.6574, 18.9658, 0
14, 131, 18.6611, 18.8994, 0
42, 142, 18.662, 19.1712, 0
9, 117, 18.666, 20.0213, 0
28, 106, 18.6732, 19.5382, 1
22, 150, 18.681, 20.6508, 0
53, 153, 18.6869, 19.5057, 1
23, 143, 18.6897, 19.3897, 1
36, 110, 18.7082, 19.317, 0
3, 107, 18.7202, 18.8084, 3
52, 153, 18.7261, 19.194, 1
49, 142, 18.7272, 19.7543, 0
45, 127, 18.7524, 18.8075, 2
36, 123, 18.7737, 19.3841, 0
2, 150, 18.7978, 19.2826, 0
19, 117, 18.8005, 19.0241, 0
11, 123, 18.8049, 18.9212, 0
1, 141, 18.8069, 19.1273, 1
53, 135, 18.8172, 19.0187, 0
40, 117, 18.8336, 18.8648, 0
9, 154, 18.8568, 19.3458, 2
49, 143, 18.8647, 19.33, 0
23, 131, 18.8741, 18.9333, 0
9, 113, 18.8845, 19.4079, 0
11, 103, 18.8876, 18.9663, 1
19, 138, 18.8973, 19.593, 0
32, 106, 18.8981, 19.0663, 1
7, 127, 18.9093, 19.7531, 3
6, 107, 18.9112, 23.6693, 3
5, 118, 18.9292, 19.2417, 2
14, 107, 18.9376, 20.2638, 3
22, 107, 18.9402, 19.0789, 2
42, 131, 18.9595, 19.5223, 0
54, 122, 18.9598, 19.0018, 0
45, 137, 18.9767, 19.0851, 2
45, 104, 18.9801, 19.0491, 1
46, 127, 19.0623, 19.0785, 3
54, 105, 19.0631, 20.1215, 0
40, 105, 19.0863, 19.3442, 0
45, 106, 19.1097, 19.6741, 1
31, 122, 19.1237, 19.9802, 1
5, 106, 19.128, 19.2009, 1
30, 141, 19.1362, 19.2241, 1
47, 149, 19.1384, 19.1781, 0
11, 103, 19.1511, 20.816, 1
53, 154, 19.1563, 20.8887, 2
46, 110, 19.1572, 19.2749, 1
4, 135, 19.1575, 21.0352, 0
19, 117, 19.1722, 20.315, 0
34, 117, 19.1753, 21.2625, 0
47, 129, 19.1937, 20.1126, 0
22, 131, 19.2061, 20.7662, 0
52, 106, 19.2083, 19.3281, 1
23, 150, 19.225, 19.7328, 0
30, 125, 19.2252, 21.238, 0
30, 153, 19.2255, 19.5595, 1
42, 142, 19.2539, 20.9836, 0
32, 141, 19.2609, 20.2654, 1
32, 149, 19.2861, 19.8581, 0
53, 113, 19.2862, 19.8035, 0
43, 149, 19.2904, 19.4882, 0
3, 104, 19.2912, 19.4546, 2
1, 110, 19.3225, 23.4205, 0
56, 118, 19.3315, 22.4949, 0
52, 125, 19.342, 19.8806, 0
46, 149, 19.3685, 19.4622, 1
36, 113, 19.4112, 20.8144, 0
49, 143, 19.4209, 21.4422, 0
28, 138, 19.4254, 20.8458, 0
2, 137, 19.4315, 19.5447, 0
5, 154, 19.4537, 19.4731, 2
31, 153, 19.4687, 19.4873, 2
45, 123, 19.4882, 19.6741, 0
36, 110, 19.4887, 19.9899, 0
46, 141, 19.5581, 21.6513, 2
40, 113, 19.5654, 19.6709, 0
6, 131, 19.5713, 24.0209, 0
54, 153, 19.5734, 19.75, 1
9, 122, 19.5781, 21.5694, 0
52, 154, 19.5854, 20.8312, 2
36, 149, 19.5971, 19.7412, 0
57, 154, 19.5996, 20.4855, 0
19, 155, 19.6254, 19.6719, 0
43, 122, 19.6302, 21.1863, 0
3, 103, 19.6326, 19.7267, 2
53, 155, 19.6403, 20.26, 0
2, 110, 19.6405, 21.0083, 0
11, 105, 19.6422, 19.6469, 0
1, 104, 19.656, 20.3233, 1
34, 152, 19.6589, 19.6635, 2
57, 153, 19.6707, 22.3437, 0
14, 143, 19.7196, 19.8054, 2
55, 106, 19.7344, 23.1958, 1
3, 138, 19.7344, 20.6871, 1
7, 123, 19.7802, 21.313, 1
30, 155, 19.7945, 21.8914, 0
46, 105, 19.8023, 20.0277, 1
1, 107, 19.8082, 19.8245, 2
9, 127, 19.8224, 20.0111, 2
7, 141, 19.8305, 19.8767, 2
26, 152, 19.8395, 19.9834, 0
47, 153, 19.8536, 20.3758, 0
36, 106, 19.8812, 20.0946, 1
14, 143, 19.8898, 20.2491, 2
32, 113, 19.8971, 21.031, 0
42, 150, 19.9026, 20.2446, 0
46, 152, 19.9072, 19.9733, 3
11, 125, 19.9169, 21.5416, 0
23, 150, 19.922, 20.5665, 0
5, 152, 19.9349, 20.0121, 2
43, 118, 19.9548, 20.0103, 0
22, 142, 19.9973, 21.1395, 0
54, 152, 20.0182, 20.8862, 2
5, 105, 20.0219, 20.5215, 0
54, 149, 20.0428, 20.1352, 0
32, 117, 20.0595, 20.0991, 0
52, 118, 20.0841, 20.334, 2
28, 123, 20.0993, 20.6012, 0
26, 106, 20.1022, 20.5761, 0
28, 127, 20.1227, 20.133, 2
34, 152, 20.1265, 20.1893, 2
7, 104, 20.1425, 20.1799, 2
3, 137, 20.1465, 23.5955, 3
36, 149, 20.1516, 21.1686, 0
46, 127, 20.1606, 20.6923, 3
54, 155, 20.167, 20.4292, 0
9, 127, 20.1898, 20.3962, 2
36, 122, 20.1904, 20.2693, 0
31, 106, 20.251, 20.5902, 2
26, 152, 20.2718, 21.5432, 0
43, 141, 20.2938, 20.5986, 0
53, 156, 20.3127, 21.2163, 0
23, 143, 20.3137, 20.5598, 1
19, 117, 20.3284, 21.2625, 0
11, 113, 20.3328, 20.639, 0
7, 104, 20.3417, 20.7387, 2
55, 135, 20.3419, 20.7232, 0
59, 156, 20.3443, 20.4908, 0
14, 107, 20.3499, 20.5988, 3
52, 153, 20.3757, 20.4108, 1
62, 125, 20.3878, 21.7369, 0
19, 118, 20.3979, 20.6074, 1
31, 104, 20.417, 20.4776, 2
47, 153, 20.4322, 21.4388, 0
52, 155, 20.4475, 20.5739, 0
58, 129, 20.4524, 21.0238, 0
47, 105, 20.4635, 20.7001, 0
32, 104, 20.4947, 20.6885, 1
59, 156, 20.5208, 24.4715, 0
23, 131, 20.541, 20.6143, 0
1, 103, 20.5555, 20.8831, 1
57, 105, 20.5693, 22.1322, 0
36, 105, 20.5749, 20.8847, 0
43, 118, 20.5786, 21.0247, 0
4, 127, 20.5989, 20.6821, 1
42, 150, 20.606, 20.6508, 0
31, 156, 20.6183, 20.7837, 1
56, 141, 20.6234, 21.769, 0
34, 118, 20.6352, 20.6614, 2
49, 142, 20.6355, 20.7584, 0
23, 107, 20.6495, 21.0956, 2
54, 106, 20.6511, 20.9155, 1
19, 113, 20.6686, 20.9364, 0
4, 103, 20.6942, 21.1018, 0
32, 110, 20.6984, 22.2821, 0
46, 154, 20.7216, 20.7677, 3
31, 123, 20.7221, 20.8998, 1
9, 104, 20.7229, 20.9205, 1
62, 155, 20.7419, 21.4986, 0
5, 127, 20.7432, 20.7537, 2
14, 143, 20.7542, 21.4422, 2
3, 127, 20.7725, 21.1317, 3
7, 135, 20.7866, 22.3439, 0
5, 106, 20.7886, 20.8612, 1
28, 117, 20.8582, 21.2625, 0
34, 138, 20.8618, 23.1208, 0
59, 154, 20.8717, 21.009, 1
5, 154, 20.881, 20.8888, 2
1, 149, 20.885, 21.8256, 0
47, 106, 20.8964, 21.0176, 0
5, 152, 20.8999, 20.9217, 2
53, 154, 20.9006, 20.9768, 2
31, 105, 20.9042, 20.9674, 1
55, 152, 20.905, 21.0179, 2
36, 106, 20.9066, 21.1194, 1
11, 103, 20.9164, 22.3671, 1
5, 122, 20.9221, 21.4494, 0
52, 156, 20.9261, 23.2214, 0
7, 138, 20.9597, 21.1282, 1
26, 155, 20.9604, 21.1834, 0
46, 104, 20.9655, 21.1914, 2
42, 131, 20.9754, 22.8592, 0
31, 152, 20.9816, 22.6643, 3
19, 113, 20.9826, 21.3973, 0
28, 105, 21.0075, 22.2956, 0
60, 154, 21.0121, 21.7386, 0
26, 154, 21.0194, 21.2338, 0
55, 153, 21.0361, 21.3391, 1
54, 122, 21.044, 22.4998, 0
31, 135, 21.0455, 22.7709, 0
61, 118, 21.0557, 21.1785, 2
4, 123, 21.0569, 22.4989, 0
43, 106, 21.0673, 21.3255, 0
52, 113, 21.0783, 22.8804, 0
58, 103, 21.0824, 22.6785, 0
32, 129, 21.1019, 22.3585, 0
14, 107, 21.1024, 21.3053, 3
23, 143, 21.1245, 21.4422, 1
49, 131, 21.1359, 21.9862, 0
42, 142, 21.1396, 21.3816, 0
60, 141, 21.1697, 22.4263, 0
61, 118, 21.1845, 21.9904, 2
36, 104, 21.1954, 21.4827, 1
22, 137, 21.1967, 22.7668, 2
2, 138, 21.2283, 21.3145, 0
63, 156, 21.244, 22.4816, 0
58, 129, 21.2494, 22.1032, 0
53, 154, 21.2647, 21.4155, 2
59, 155, 21.2667, 21.9689, 0
30, 118, 21.2752, 21.391, 2
36, 127, 21.2769, 21.8581, 2
19, 129, 21.2824, 23.0543, 0
46, 125, 21.2837, 22.6656, 0
9, 141, 21.2873, 21.3048, 1
9, 123, 21.3208, 23.1331, 0
2, 104, 21.341, 21.6404, 0
7, 127, 21.356, 21.4534, 3
2, 106, 21.3593, 21.3662, 0
3, 106, 21.3659, 21.88, 2
46, 154, 21.3678, 21.4133, 3
23, 142, 21.4044, 21.4244, 0
43, 113, 21.4049, 23.6066, 0
53, 127, 21.4227, 21.7558, 2
11, 138, 21.4264, 21.649, 0
64, 154, 21.4408, 22.4344, 0
23, 107, 21.4503, 21.9978, 2
30, 157, 21.4568, 21.5783, 2
47, 157, 21.4652, 21.6988, 1
26, 122, 21.4888, 22.6688, 0
4, 104, 21.4955, 21.8821, 0
54, 129, 21.4996, 22.1166, 0
47, 118, 21.5158, 21.5621, 1
30, 135, 21.5247, 21.611, 0
53, 153, 21.5468, 22.1079, 1
61, 155, 21.5634, 21.7848, 0
36, 106, 21.5648, 21.8515, 1
43, 127, 21.598, 23.2271, 0
55, 157, 21.6164, 22.0897, 2
30, 152, 21.6178, 21.8959, 2
52, 125, 21.6189, 22.3845, 0
5, 118, 21.634, 22.3906, 2
11, 110, 21.6724, 22.5881, 0
28, 158, 21.6866, 22.5954, 2
26, 118, 21.6878, 21.8325, 0
7, 104, 21.7114, 22.0764, 2
47, 157, 21.7161, 22.2635, 1
47, 135, 21.7276, 22.6206, 0
62, 158, 21.7575, 21.8533, 0
19, 141, 21.7835, 24.1785, 0
9, 154, 21.7843, 22.0342, 2
55, 122, 21.8206, 22.0041, 0
64, 153, 21.8323, 21.8827, 0
31, 149, 21.8329, 21.93, 1
62, 158, 21.874, 23.0427, 0
53, 125, 21.874, 22.445, 0
3, 138, 21.8854, 21.9518, 1
4, 154, 21.9159, 22.0485, 1
56, 155, 21.9164, 22.9195, 0
7, 106, 21.9197, 22.5916, 2
60, 105, 21.9231, 22.1707, 0
49, 142, 21.9237, 25.5833, 0
30, 152, 21.9243, 22.6382, 2
26, 103, 21.9461, 22.055, 0
1, 138, 21.954, 23.3456, 0
30, 113, 21.9635, 22.0645, 0
36, 155, 21.9714, 23.0316, 0
36, 104, 21.9864, 22.2464, 1
47, 149, 21.9891, 22.2597, 0
30, 153, 21.9924, 22.1176, 1
53, 159, 21.9981, 22.1354, 2
59, 159, 22.0046, 22.0096, 1
22, 107, 22.0515, 24.477, 2
36, 127, 22.076, 22.1499, 2
61, 159, 22.0853, 22.2466, 2
59, 154, 22.0862, 23.0883, 1
34, 152, 22.0915, 22.1755, 2
63, 159, 22.0968, 22.1676, 0
61, 118, 22.103, 22.3954, 2
26, 155, 22.1057, 22.1644, 0
4, 104, 22.1083, 23.1096, 0
23, 142, 22.1209, 22.4093, 0
46, 154, 22.1456, 22.196, 3
58, 141, 22.1701, 22.1997, 0
63, 155, 22.174, 22.6215, 0
9, 157, 22.1761, 22.2782, 2
19, 152, 22.1794, 22.2312, 1
57, 159, 22.1811, 22.2923, 0
53, 113, 22.1855, 22.9902, 0
34, 105, 22.1872, 23.0759, 0
54, 153, 22.2017, 22.9364, 1
7, 123, 22.2143, 22.2367, 1
9, 104, 22.2525, 22.3721, 1
62, 159, 22.256, 22.2859, 0
46, 157, 22.2817, 22.3413, 3
26, 149, 22.2881, 22.7914, 0
61, 159, 22.2886, 22.3012, 2
3, 103, 22.2888, 22.5143, 2
14, 107, 22.3005, 22.7061, 3
11, 127, 22.3012, 22.5261, 2
32, 159, 22.3023, 22.4149, 2
64, 159, 22.3033, 22.3177, 0
62, 157, 22.3091, 22.9393, 0
28, 106, 22.3343, 22.5015, 1
58, 135, 22.3451, 22.6192, 0
30, 157, 22.3467, 22.8818, 2
55, 159, 22.3504, 22.4157, 2
60, 127, 22.3592, 23.2518, 0
57, 159, 22.3978, 22.4104, 0
47, 129, 22.4099, 22.7768, 0
57, 159, 22.4148, 22.5888, 0
32, 158, 22.4184, 22.5886, 2
36, 153, 22.4203, 22.6971, 1
46, 105, 22.4219, 22.7275, 1
61, 152, 22.4367, 22.4586, 2
9, 125, 22.4493, 23.6248, 0
55, 149, 22.4505, 22.8274, 0
30, 154, 22.4602, 22.5801, 2
64, 153, 22.462, 24.5398, 0
60, 159, 22.4626, 22.5919, 0
61, 159, 22.465, 22.7542, 2
7, 122, 22.4892, 22.6721, 1
23, 131, 22.5297, 24.154, 0
56, 118, 22.5343, 23.9424, 0
11, 103, 22.5515, 22.7505, 1
54, 122, 22.5515, 22.5522, 0
26, 118, 22.5521, 24.3943, 0
3, 123, 22.562, 22.7393, 1
32, 122, 22.5651, 23.4825, 0
57, 157, 22.5657, 22.6908, 0
19, 110, 22.5921, 22.8701, 0
57, 159, 22.6064, 22.6131, 0
28, 141, 22.6122, 24.5222, 1
28, 135, 22.6261, 23.5589, 0
32, 156, 22.6276, 24.1156, 0
63, 159, 22.6411, 22.6963, 0
57, 158, 22.647, 23.8906, 0
54, 118, 22.6628, 23.2216, 2
30, 125, 22.6711, 25.7593, 0
61, 158, 22.6766, 22.6997, 2
26, 152, 22.6981, 23.9278, 0
62, 159, 22.6993, 22.8518, 0
58, 125, 22.7043, 22.7199, 0
47, 127, 22.7114, 22.9809, 1
36, 110, 22.7172, 23.0181, 0
5, 154, 22.7193, 23.3727, 2
63, 159, 22.7247, 22.8564, 0
7, 106, 22.7253, 23.8674, 2
7, 105, 22.7365, 22.8365, 1
61, 152, 22.7513, 23.3914, 2
11, 104, 22.7616, 23.4162, 1
28, 138, 22.7638, 22.861, 0
42, 142, 22.7663, 24.1006, 0
46, 157, 22.7739, 23.0292, 3
31, 159, 22.7789, 22.8425, 3
58, 156, 22.7824, 23.1653, 0
58, 105, 22.788, 22.9655, 0
57, 122, 22.7882, 23.0505, 0
47, 103, 22.7996, 24.141, 0
11, 137, 22.805, 23.1072, 2
64, 129, 22.8082, 22.953, 0
11, 149, 22.8156, 22.9711, 0
36, 154, 22.8238, 22.9531, 2
65, 161, 22.8349, 23.4197, 1
9, 105, 22.8438, 23.0759, 0
7, 149, 22.845, 22.8455, 1
31, 161, 22.851, 23.7673, 3
32, 159, 22.8578, 22.8762, 2
60, 141, 22.875, 23.3418, 0
63, 152, 22.8854, 23.9435, 0
65, 155, 22.8863, 23.275, 0
55, 159, 22.8879, 22.8923, 2
55, 159, 22.9002, 23.2125, 2
3, 123, 22.9019, 23.1396, 1
30, 159, 22.9083, 22.9425, 2
52, 159, 22.9175, 22.9376, 2
56, 161, 22.9249, 23.1791, 0
47, 160, 22.9477, 23.6789, 1
61, 160, 22.9497, 23.3224, 2
54, 159, 22.9593, 23.0211, 2
64, 158, 22.9797, 23.9256, 0
46, 129, 22.9941, 24.6461, 0
5, 113, 22.9982, 23.8483, 0
14, 107, 23.0062, 23.0171, 3
31, 149, 23.0064, 23.1771, 1
9, 138, 23.014, 23.058, 0
42, 107, 23.0209, 23.3625, 2
36, 157, 23.0355, 23.2873, 2
63, 155, 23.0401, 25.693, 0
53, 159, 23.0414, 23.0775, 2
19, 154, 23.0547, 23.7311, 1
53, 122, 23.0549, 24.9648, 0
62, 129, 23.0613, Inf, 0
46, 157, 23.0748, 23.5799, 3
58, 154, 23.0912, 23.1384, 0
55, 161, 23.0975, 23.1195, 2
22, 137, 23.0978, 23.2015, 2
7, 110, 23.1094, 23.1634, 1
4, 153, 23.1155, 23.3268, 0
53, 103, 23.1175, 23.1269, 1
34, 159, 23.1246, 23.1282, 2
62, 159, 23.1308, 23.4502, 0
34, 138, 23.1356, Inf, 0
32, 159, 23.1412, 23.1458, 2
3, 123, 23.1431, 23.611, 1
14, 107, 23.1627, 23.3231, 3
52, 135, 23.1676, Inf, 0
9, 127, 23.1701, 23.2138, 2
4, 159, 23.1701, 23.1893, 1
54, 110, 23.1954, 25.4817, 0
58, 160, 23.1986, 24.9314, 0
43, 104, 23.21, 23.5668, 0
54, 159, 23.2222, 23.2278, 2
55, 122, 23.2256, 25.0087, 0
56, 156, 23.2319, 25.8796, 0
28, 127, 23.2326, 23.3899, 2
59, 155, 23.2377, 23.3815, 0
36, 159, 23.2432, 23.26, 2
52, 157, 23.2498, 23.5656, 2
57, 129, 23.2658, 23.4368, 0
36, 106, 23.2816, 23.2926, 1
4, 137, 23.2825, 23.4894, 1
11, 123, 23.2862, 25.4836, 0
7, 161, 23.3018, 23.5068, 3
36, 127, 23.304, 23.8862, 2
64, 159, 23.3056, 23.4399, 0
32, 149, 23.3165, 23.7982, 0
53, 106, 23.3402, 23.492, 1
60, 138, 23.3421, 23.994, 0
30, 157, 23.3467, 23.3502, 2
36, 104, 23.3578, 23.3982, 1
60, 153, 23.3652, 23.9232, 0
7, 103, 23.3719, 23.4645, 2
30, 160, 23.3826, 23.5347, 2
66, 154, 23.4288, 24.5276, 0
9, 113, 23.431, 23.7936, 0
4, 154, 23.433, 23.5483, 1
61, 155, 23.4345, 24.3195, 0
11, 118, 23.4378, 23.582, 2
59, 158, 23.4472, 23.4781, 1
62, 159, 23.4503, 23.5983, 0
54, 157, 23.4536, 23.502, 2
31, 155, 23.4654, 24.251, 0
58, 159, 23.4698, 23.4813, 0
34, 127, 23.476, 23.5042, 2
63, 158, 23.4789, 24.24, 0
66, 159, 23.4858, 23.5581, 0
54, 154, 23.4922, 23.495, 2
1, 135, 23.5046, 23.6144, 0
26, 106, 23.5071, 23.7644, 0
6, 137, 23.5075, 23.5521, 3
65, 159, 23.521, 23.5476, 1
57, 152, 23.5313, 24.1466, 0
65, 161, 23.553, 23.8098, 1
34, 127, 23.5593, 24.468, 2
4, 137, 23.5616, 23.7748, 1
3, 104, 23.5674, 24.666, 2
67, 157, 23.5795, Inf, 2
59, 127, 23.5868, 23.7102, 1
65, 159, 23.5933, 23.7656, 1
52, 159, 23.5983, 23.6181, 2
34, 157, 23.5991, 23.6554, 2
61, 161, 23.601, 23.7003, 2
9, 155, 23.6067, 23.8479, 0
43, 104, 23.6136, 24.1851, 0
1, 137, 23.6192, 23.9647, 2
47, 122, 23.6298, 23.8472, 0
28, 153, 23.6491, 23.7779, 1
66, 159, 23.6509, 23.7015, 0
7, 154, 23.6704, 23.8843, 3
11, 110, 23.682, 24.3599, 0
36, 125, 23.7156, 24.593, 0
52, 123, 23.7213, Inf, 0
58, 135, 23.7248, 25.6498, 0
54, 157, 23.7356, 24.3673, 2
4, 103, 23.7498, 25.3698, 0
30, 103, 23.7526, 23.8104, 1
31, 159, 23.7705, 23.8276, 3
30, 159, 23.7851, 23.7912, 2
23, 142, 23.7856, 24.154, 0
61, 160, 23.7955, 24.1533, 2
28, 135, 23.7961, 24.6184, 0
62, 159, 23.8092, 23.8913, 0
1, 104, 23.812, 23.8304, 1
47, 154, 23.8164, 23.9638, 1
66, 161, 23.8165, Inf, 0
46, 106, 23.8182, 24.5129, 2
9, 118, 23.8218, 24.0375, 2
55, 161, 23.8229, 23.871, 2
65, 159, 23.8333, 23.9624, 1
9, 129, 23.8532, 24.1078, 0
65, 113, 23.8567, 25.3181, 0
67, 159, 23.8728, 23.8743, 2
56, 159, 23.8927, 24.0084, 0
30, 122, 23.9071, 24.8885, 0
62, 157, 23.9124, 24.7494, 0
62, 160, 23.9165, 24.1714, 0
32, 113, 23.9206, 25.0293, 0
19, 127, 23.9232, 24.0412, 1
7, 106, 23.9334, 23.9517, 2
53, 152, 23.944, 24.4749, 2
59, 153, 23.9618, 24.5541, 0
1, 149, 23.9626, 25.3247, 0
57, 159, 23.9704, 24.0166, 0
53, 161, 23.9755, 24.1418, 2
65, 154, 23.982, 25.0525, 1
1, 137, 23.996, 24.1187, 2
3, 138, 24.0152, 24.2679, 1
60, 158, 24.0224, 24.6901, 0
56, 159, 24.0228, 24.1234, 0
47, 159, 24.034, 24.039, 1
14, 107, 24.049, 25.8225, 3
26, 149, 24.0501, 24.5922, 0
31, 161, 24.0633, 24.3107, 3
22, 131, 24.0685, Inf, 0
64, 159, 24.0707, 24.354, 0
43, 127, 24.0839, 25.6832, 0
19, 113, 24.1092, 25.3181, 0
5, 159, 24.1109, 24.1278, 2
9, 118, 24.1141, 24.7397, 2
6, 137, 24.1269, Inf, 3
5, 152, 24.1369, 24.4132, 2
4, 125, 24.1422, 24.9235, 0
60, 159, 24.1425, 24.2371, 0
1, 103, 24.1582, 24.4421, 1
36, 141, 24.1791, 24.5674, 1
55, 125, 24.1803, 24.1981, 0
57, 110, 24.2021, 25.2319, 0
68, 160, 24.2115, Inf, 0
47, 156, 24.2133, 24.2665, 0
36, 152, 24.2383, 24.3408, 2
31, 141, 24.2546, 24.2843, 2
14, 131, 24.2617, 25.9009, 0
31, 159, 24.287, 24.3018, 3
47, 104, 24.2954, 25.6344, 0
19, 158, 24.3096, 25.3708, 1
32, 153, 24.3333, 24.5814, 1
31, 106, 24.3336, 24.6325, 2
56, 155, 24.3385, Inf, 0
61, 159, 24.347, 24.5076, 2
60, 159, 24.3606, 24.3779, 0
5, 161, 24.3625, 24.4789, 2
31, 149, 24.3694, 24.4602, 1
54, 122, 24.3909, 24.5411, 0
60, 159, 24.4092, 24.4271, 0
9, 104, 24.4105, 24.4902, 1
63, 156, 24.4125, 24.6443, 0
26, 154, 24.4165, 24.9516, 0
47, 155, 24.4187, 24.6237, 0
42, 131, 24.4294, 25.5575, 0
3, 138, 24.468, 25.3271, 1
57, 152, 24.4713, 24.7401, 0
43, 137, 24.4873, Inf, 0
64, 152, 24.4931, 24.9644, 0
5, 159, 24.4969, 24.5347, 2
56, 152, 24.513, 25.2633, 0
42, 142, 24.5157, 25.4913, 0
5, 127, 24.5268, Inf, 2
61, 113, 24.5349, 24.6934, 0
5, 159, 24.5358, 24.5873, 2
54, 141, 24.5468, 24.7155, 1
68, 159, 24.5476, 24.9092, 0
1, 141, 24.5759, 24.8248, 1
46, 154, 24.5804, 24.7289, 3
54, 157, 24.586, 24.7311, 2
28, 153, 24.59, 24.7905, 1
36, 110, 24.593, 24.6364, 0
36, 103, 24.593, 25.5926, 1
53, 129, 24.605, 24.9014, 0
19, 106, 24.6169, 24.6325, 0
59, 159, 24.6191, 24.7102, 1
61, 158, 24.6452, 25.3428, 2
32, 149, 24.6518, 25.0572, 0
55, 161, 24.6602, 24.7111, 2
31, 156, 24.6729, 25.4203, 1
66, 158, 24.6869, 24.7497, 0
60, 118, 24.7162, Inf, 0
59, 163, 24.7275, 25.6443, 1
67, 159, 24.7392, 25.0032, 2
54, 159, 24.7415, 24.7714, 2
9, 118, 24.7426, 24.7888, 2
46, 157, 24.7437, 25.0452, 3
66, 157, 24.7573, 25.9786, 0
30, 163, 24.766, 24.8467, 2
64, 163, 24.7675, 24.9644, 0
58, 149, 24.7703, 24.9834, 0
5, 153, 24.7803, 25.9112, 1
57, 162, 24.783, Inf, 0
28, 104, 24.7922, 25.6344, 1
31, 141, 24.8009, 24.8858, 2
9, 153, 24.8131, 25.217, 1
47, 161, 24.8186, Inf, 1
55, 162, 24.819, 25.1267, 2
61, 155, 24.82, 25.2299, 0
34, 162, 24.8227, 24.8675, 2
1, 141, 24.834, 24.9451, 1
9, 135, 24.8365, 25.3375, 0
22, 107, 24.8692, Inf, 2
4, 135, 24.872, 25.2315, 0
55, 163, 24.8786, 24.8861, 2
69, 163, 24.8984, 25.0953, 2
28, 129, 24.9077, 25.3304, 0
46, 159, 24.9304, 24.9998, 3
3, 137, 24.9386, 25.0632, 3
53, 159, 24.945, 24.9545, 2
36, 162, 24.9455, 25.0409, 2
47, 160, 24.9455, 25.3198, 1
6, 107, 24.9664, 25.1512, 3
68, 158, 24.9682, 25.3862, 0
61, 127, 24.9688, 24.9785, 2
63, 118, 24.9742, 25.9657, 0
62, 152, 24.976, 25.2901, 0
30, 141, 24.9778, Inf, 1
53, 125, 24.9924, Inf, 0
34, 159, 25.0043, 25.1816, 2
62, 159, 25.0095, 25.0167, 0
5, 122, 25.0168, 25.2334, 0
59, 159, 25.0226, 25.1776, 1
46, 154, 25.0273, 25.6817, 3
60, 125, 25.0348, 25.1813, 0
52, 159, 25.0382, 25.1395, 2
46, 156, 25.046, 25.9394, 1
36, 154, 25.0543, Inf, 2
32, 122, 25.0579, 25.9548, 0
31, 149, 25.1344, 25.7127, 1
43, 125, 25.1387, 25.1434, 0
55, 162, 25.1536, 25.1776, 2
43, 141, 25.1674, 25.3873, 0
60, 159, 25.1882, Inf, 0
59, 162, 25.1914, 25.6932, 1
55, 163, 25.1933, 25.7365, 2
53, 159, 25.2137, 25.2256, 2
69, 157, 25.2163, 25.2875, 2
57, 161, 25.2324, Inf, 0
65, 159, 25.2515, 25.2653, 1
32, 110, 25.2617, 25.9548, 0
61, 152, 25.2894, 25.4104, 2
34, 122, 25.2903, Inf, 0
1, 138, 25.2932, 25.3037, 0
11, 125, 25.3041, 25.4193, 0
53, 153, 25.3211, Inf, 1
46, 118, 25.3272, 25.5145, 3
62, 159, 25.3292, 25.859, 0
9, 138, 25.3429, Inf, 0
47, 160, 25.3569, 25.5346, 1
46, 149, 25.3618, 25.5632, 1
4, 129, 25.3623, Inf, 0
69, 152, 25.3656, 25.9583, 2
58, 159, 25.3702, 25.5619, 0
1, 103, 25.383, 25.9038, 1
69, 160, 25.3885, 25.4924, 2
4, 158, 25.3926, Inf, 1
28, 122, 25.407, Inf, 0
19, 158, 25.4114, 25.4967, 1
11, 141, 25.4292, Inf, 1
59, 152, 25.4341, 25.4719, 1
19, 155, 25.4394, Inf, 0
67, 129, 25.4574, Inf, 0
61, 156, 25.4576, 25.4915, 0
65, 163, 25.4929, Inf, 1
54, 162, 25.52, 25.8263, 2
1, 141, 25.5248, 25.7561, 1
61, 164, 25.5285, Inf, 1
57, 129, 25.535, 25.655, 0
62, 164, 25.5602, 25.7992, 0
3, 123, 25.5609, Inf, 1
4, 152, 25.5609, Inf, 1
60, 156, 25.5737, 25.5937, 0
4, 153, 25.5835, 25.6562, 0
49, 142, 25.5839, Inf, 0
59, 159, 25.6028, 25.6266, 1
52, 160, 25.6062, Inf, 2
30, 110, 25.6106, Inf, 0
63, 159, 25.6323, 25.6439, 0
63, 158, 25.6335, Inf, 0
54, 164, 25.6366, 25.6475, 1
61, 160, 25.6378, 25.8229, 2
58, 159, 25.6635, 25.7009, 0
19, 135, 25.6636, Inf, 0
42, 131, 25.6812, Inf, 0
53, 164, 25.6831, 25.6917, 1
9, 127, 25.6907, 25.7142, 2
59, 162, 25.6958, Inf, 1
3, 127, 25.7008, 25.8161, 3
42, 142, 25.7143, Inf, 0
31, 149, 25.716, Inf, 1
58, 154, 25.7271, Inf, 0
55, 163, 25.7374, Inf, 2
65, 159, 25.7378, 25.7978, 1
11, 123, 25.7412, Inf, 0
9, 149, 25.7605, Inf, 0
58, 125, 25.7729, 25.843, 0
31, 158, 25.7922, Inf, 3
68, 164, 25.8284, Inf, 0
46, 158, 25.8382, Inf, 3
36, 127, 25.8537, Inf, 2
59, 159, 25.8617, 25.8647, 1
54, 159, 25.8689, 25.9216, 2
30, 156, 25.8805, Inf, 0
36, 135, 25.8825, Inf, 0
54, 164, 25.9072, Inf, 1
28, 103, 25.9097, Inf, 1
30, 127, 25.9373, 25.967, 2
43, 156, 25.9395, Inf, 0
65, 152, 25.9403, Inf, 1
1, 138, 25.9476, Inf, 0
54, 159, 25.9607, 25.9615, 2
5, 118, 25.9682, Inf, 2
58, 153, 25.9737, Inf, 0
59, 160, 25.9872, Inf, 1
47, 125, 25.9977, Inf, 0
